,DATE,Ask Spread,Bid Spread,Recovery Rate,Default Probability,Mid Spread,Benchmark Rate
1,2015-01-05,27.5,17.5,40,,22.5,2.03285
2,2015-01-06,27.5,17.5,40,,22.5,1.93755
3,2015-01-07,27.5,17.5,40,,22.5,1.96855
4,2015-01-08,27.5,17.5,40,,22.5,2.017
5,2015-01-09,27.5,17.5,40,,22.5,1.9484
6,2015-01-12,27.5,17.5,40,,22.5,1.90785
7,2015-01-13,28.0,18.0,40,,23.0,1.90425
8,2015-01-14,29.0,19.0,40,,24.0,1.85445
9,2015-01-15,28.0,18.0,40,,23.0,1.72665
10,2015-01-16,28.0,18.0,40,,23.0,1.82995
11,2015-01-20,28.0,18.0,40,,23.0,1.7897
12,2015-01-21,28.0,18.0,40,,23.0,1.87435
13,2015-01-26,26.5,16.5,40,,21.5,1.8275
14,2015-01-27,27.0,17.0,40,,22.0,1.8265
15,2015-01-28,26.5,16.5,40,,21.5,1.71815
16,2015-01-29,26.5,16.5,40,,21.5,1.75545
17,2015-01-30,27.0,17.0,40,,22.0,1.63735
18,2015-02-02,27.0,17.0,40,,22.0,1.6726
19,2015-02-03,27.0,17.0,40,,22.0,1.79745
20,2015-02-04,24.0,14.0,40,,19.0,1.74615
21,2015-02-05,24.0,14.0,40,,19.0,1.81615
22,2015-02-06,22.5,10.5,40,,16.5,1.95755
23,2015-02-09,24.0,14.0,40,,19.0,1.97665
24,2015-02-10,25.0,17.5,40,,21.25,2.00195
25,2015-02-11,24.5,14.5,40,,19.5,2.02025
26,2015-02-12,24.5,14.5,40,,19.5,1.987
27,2015-02-13,24.5,14.5,40,,19.5,2.046
28,2015-02-17,24.0,14.0,40,,19.0,2.144
29,2015-02-18,24.0,14.0,40,,19.0,2.0844
30,2015-02-19,24.0,14.0,40,,19.0,2.1212
31,2015-02-20,24.0,14.0,40,,19.0,2.1143
32,2015-02-23,24.5,14.5,40,,19.5,2.06005
33,2015-02-24,24.896,14.896,40,,19.896,1.97135
34,2015-02-25,24.0,14.0,40,,19.0,1.97135
35,2015-02-26,24.5,14.5,40,,19.5,2.0304
36,2015-02-27,23.0,13.0,40,,18.0,1.99475
37,2015-03-02,23.0,13.0,40,,18.0,2.08815
38,2015-03-03,23.5,13.5,40,,18.5,2.12155
39,2015-03-04,23.5,13.5,40,,18.5,2.11805
40,2015-03-05,23.5,13.5,40,,18.5,2.1163
41,2015-03-06,23.394,13.394,40,,18.394,2.24585
42,2015-03-09,23.0,13.0,40,,18.0,2.1907
43,2015-03-10,23.5,13.5,40,,18.5,2.12
44,2015-03-11,23.5,13.5,40,,18.5,2.1077
45,2015-03-12,23.5,13.5,40,,18.5,2.10945
46,2015-03-13,24.5,17.0,40,,20.75,2.1166
47,2015-03-16,23.0,13.0,40,,18.0,2.0726
48,2015-03-17,23.0,13.0,40,,18.0,2.05155
49,2015-03-18,23.5,13.5,40,,18.5,1.91735
50,2015-03-19,20.0,10.0,40,,15.0,1.9694
51,2015-03-20,22.5,12.5,40,,17.5,1.93115
52,2015-03-23,22.5,12.5,40,,17.5,1.90855
53,2015-03-24,22.5,12.5,40,,17.5,1.87225
54,2015-03-25,20.0,10.0,40,,15.0,1.92585
55,2015-03-27,20.0,10.0,40,,15.0,1.95885
56,2015-03-31,24.893,14.893,40,,19.893,1.92575
57,2015-04-01,24.892,14.892,40,,19.892,1.85815
58,2015-04-02,24.5,17.0,40,,20.75,1.91175
59,2015-04-06,20.0,10.0,40,,15.0,1.8978
60,2015-04-07,20.0,10.0,40,,15.0,1.8856
61,2015-04-08,22.5,12.5,40,,17.5,1.9047
62,2015-04-09,20.0,10.0,40,,15.0,1.9622
63,2015-04-10,22.5,12.5,40,,17.5,1.9482
64,2015-04-13,22.5,12.5,40,,17.5,1.92895
65,2015-04-14,21.667,11.667,40,,16.667,1.8993
66,2015-04-15,20.0,10.0,40,,15.0,1.88885
67,2015-04-16,22.5,12.5,40,,17.5,1.89405
68,2015-04-17,22.5,12.5,40,,17.5,1.8644
69,2015-04-20,22.5,12.5,40,,17.5,1.88525
70,2015-04-21,20.0,10.0,40,,15.0,1.9096
71,2015-04-22,20.0,10.0,40,,15.0,1.9814
72,2015-04-23,20.0,10.0,40,,15.0,1.95245
73,2015-04-24,20.0,10.0,40,,15.0,1.913
74,2015-04-27,23.0,14.667,40,,18.8335,1.9252
75,2015-04-28,21.667,11.667,40,,16.667,2.0025
76,2015-04-29,22.5,12.5,40,,17.5,2.04495
77,2015-04-30,22.5,12.5,40,,17.5,2.03435
78,2015-05-01,22.5,12.5,40,,17.5,2.1108
79,2015-05-04,22.5,12.5,40,,17.5,2.1449
80,2015-05-05,22.5,12.5,40,,17.5,2.1808
81,2015-05-06,22.5,12.5,40,,17.5,2.2513
82,2015-05-07,22.5,12.5,40,,17.5,2.1773
83,2015-05-08,24.899,14.899,40,,19.899,2.1415
84,2015-05-11,21.667,11.667,40,,16.667,2.2861
85,2015-05-12,20.0,10.0,40,,15.0,2.2462
86,2015-05-13,22.5,12.5,40,,17.5,2.29355
87,2015-05-14,22.5,12.5,40,,17.5,2.2345
88,2015-05-15,22.397,12.397,40,,17.397,2.1468
89,2015-05-18,22.5,12.5,40,,17.5,2.23285
90,2015-05-19,20.0,10.0,40,,15.0,2.28855
91,2015-05-20,22.5,12.5,40,,17.5,2.25585
92,2015-05-21,22.5,12.5,40,,17.5,2.19415
93,2015-05-22,20.0,10.0,40,,15.0,2.2127
94,2015-05-26,22.5,12.5,40,,17.5,2.14155
95,2015-05-27,21.667,11.667,40,,16.667,2.12935
96,2015-05-28,20.0,10.0,40,,15.0,2.13455
97,2015-05-29,21.667,11.667,40,,16.667,2.1223
98,2015-06-01,21.667,11.667,40,,16.667,2.182
99,2015-06-02,22.5,12.5,40,,17.5,2.2651
100,2015-06-03,22.5,12.5,40,,17.5,2.3597
101,2015-06-04,20.0,10.0,40,,15.0,2.3079
102,2015-06-05,24.968,14.968,40,,19.968,2.4085
103,2015-06-09,20.0,10.0,40,,15.0,2.4411
104,2015-06-10,20.0,10.0,40,,15.0,2.48475
105,2015-06-11,20.0,10.0,40,,15.0,2.3799
106,2015-06-12,20.0,10.0,40,,15.0,2.3891
107,2015-06-15,20.0,10.0,40,,15.0,2.3586
108,2015-06-16,20.0,10.0,40,,15.0,2.3084
109,2015-06-17,20.0,10.0,40,,15.0,2.3192
110,2015-06-18,20.0,10.0,40,,15.0,2.3336
111,2015-06-19,22.5,12.5,40,,17.5,2.26035
112,2015-06-22,22.5,12.5,40,,17.5,2.3734
113,2015-06-23,22.5,12.5,40,,17.5,2.4132
114,2015-06-24,22.5,12.5,40,,17.5,2.3717
115,2015-06-25,22.5,12.5,40,,17.5,2.4115
116,2015-06-26,25.056,15.056,40,,20.056,2.4735
117,2015-06-29,22.5,12.5,40,,17.5,2.3269
118,2015-06-30,22.5,12.5,40,,17.5,2.3486
119,2015-07-01,22.579,12.579,40,,17.579,2.4264
120,2015-07-02,22.589,12.589,40,,17.589,2.385
121,2015-07-06,20.0,10.0,40,,15.0,2.2895
122,2015-07-07,22.5,12.5,40,,17.5,2.2537
123,2015-07-08,25.052,15.052,40,,20.052,2.19665
124,2015-07-09,22.5,12.5,40,,17.5,2.3166
125,2015-07-10,22.5,12.5,40,,17.5,2.39995
126,2015-07-13,20.0,10.0,40,,15.0,2.44555
127,2015-07-14,20.0,10.0,40,,15.0,2.3965
128,2015-07-15,20.0,10.0,40,,15.0,2.3548
129,2015-07-16,20.0,10.0,40,,15.0,2.3549
130,2015-07-17,21.667,11.667,40,,16.667,2.346
131,2015-07-20,22.5,12.5,40,,17.5,2.3787
132,2015-07-21,20.0,10.0,40,,15.0,2.3298
133,2015-07-22,25.0,15.0,40,,20.0,2.3262
134,2015-07-24,30.0,20.0,40,,25.0,2.2615
135,2015-07-27,28.0,18.0,40,,23.0,2.2149
136,2015-07-28,33.0,23.0,40,,28.0,2.249
137,2015-07-29,31.21,21.21,40,,26.21,2.2886
138,2015-07-30,31.543,21.543,40,,26.543,2.2562
139,2015-07-31,28.0,18.0,40,,23.0,2.1863
140,2015-08-03,30.5,20.5,40,,25.5,2.1489
141,2015-08-04,32.97,22.97,40,,27.97,2.2222
142,2015-08-05,32.274,22.274,40,,27.274,2.269
143,2015-08-06,30.5,20.5,40,,25.5,2.2259
144,2015-08-07,32.005,22.005,40,,27.005000000000003,2.165
145,2015-08-10,30.5,20.5,40,,25.5,2.2314
146,2015-08-11,31.962,21.962,40,,26.962,2.1418
147,2015-08-13,30.5,20.5,40,,25.5,2.188
148,2015-08-18,30.211,20.211,40,,25.211,2.1916
149,2015-08-19,30.204,20.204,40,,25.204,2.12825
150,2015-08-20,30.231,20.231,40,,25.231,2.0722
151,2015-08-21,33.0,23.0,40,,28.0,2.04435
152,2015-08-24,36.5,26.5,40,,31.5,2.01125
153,2015-08-25,35.0,25.0,40,,30.0,2.07755
154,2015-08-26,35.0,25.0,40,,30.0,2.1796
155,2015-08-27,35.0,25.0,40,,30.0,2.19025
156,2015-08-28,35.0,25.0,40,,30.0,2.1833
157,2015-08-31,33.0,25.5,40,,29.25,2.2135
158,2015-09-01,35.0,25.0,40,,30.0,2.1586
159,2015-09-02,35.0,25.0,40,,30.0,2.187
160,2015-09-03,35.0,25.0,40,,30.0,2.1622
161,2015-09-04,35.0,25.0,40,,30.0,2.13055
162,2015-09-08,37.667,25.0,40,,31.3335,2.18545
163,2015-09-09,31.5,24.0,40,,27.75,2.1944
164,2015-09-10,33.5,23.5,40,,28.5,2.2265
165,2015-09-11,33.5,23.5,40,,28.5,2.1857
166,2015-09-14,35.0,25.0,40,,30.0,2.1822
167,2015-09-15,33.5,23.5,40,,28.5,2.2912
168,2015-09-16,33.5,23.5,40,,28.5,2.2949
169,2015-09-17,34.0,24.0,40,,29.0,2.1912
170,2015-09-18,29.951,22.451,40,,26.201,2.1327
171,2015-09-21,32.0,24.5,40,,28.25,2.1985
172,2015-09-22,32.0,24.5,40,,28.25,2.131
173,2015-09-23,29.824,23.574,40,,26.699,2.15055
174,2015-09-24,29.827,23.577,40,,26.702,2.1275
175,2015-09-25,30.01,21.26,40,,25.635,2.1649
176,2015-09-29,30.009,23.759,40,,26.884,2.05875
177,2015-10-05,34.667,24.667,40,,29.667,2.05705
178,2015-10-06,34.0,24.0,40,,29.0,2.03415
179,2015-10-07,34.0,24.0,40,,29.0,2.06415
180,2015-10-08,28.529,23.529,40,,26.029,2.1013
181,2015-10-13,30.824,20.824,40,,25.824,2.04125
182,2015-10-14,34.0,24.0,40,,29.0,1.9744
183,2015-10-15,34.0,24.0,40,,29.0,2.01835
184,2015-10-16,34.667,24.667,40,,29.667,2.03425
185,2015-10-19,33.0,23.0,40,,28.0,2.0219
186,2015-10-20,33.0,23.0,40,,28.0,2.0679
187,2015-10-21,38.5,23.5,40,,31.0,2.0272
188,2015-10-22,30.667,20.667,40,,25.667,2.0272
189,2015-10-26,30.667,20.667,40,,25.667,2.0573
190,2015-10-27,31.0,21.0,40,,26.0,2.0361
191,2015-10-28,30.667,20.667,40,,25.667,2.1
192,2015-10-29,31.0,21.0,40,,26.0,2.1716
193,2015-10-30,29.684,19.684,40,,24.684,2.1448
194,2015-11-02,31.0,21.0,40,,26.0,2.1754
195,2015-11-03,30.667,20.667,40,,25.667,2.2168
196,2015-11-04,31.0,21.0,40,,26.0,2.2259
197,2015-11-05,31.0,21.0,40,,26.0,2.235
198,2015-11-06,30.0,20.0,40,,25.0,2.3243
199,2015-11-09,30.667,20.667,40,,25.667,2.34815
200,2015-11-10,25.0,14.5,40,,19.75,2.3355
201,2015-11-12,31.0,21.0,40,,26.0,2.3142
202,2015-11-13,31.667,21.667,40,,26.667,2.2737
203,2015-11-16,32.0,22.0,40,,27.0,2.2702
204,2015-11-17,32.0,22.0,40,,27.0,2.26665
205,2015-11-18,32.0,22.0,40,,27.0,2.27195
206,2015-11-19,31.5,21.5,40,,26.5,2.2456
207,2015-11-20,30.668,20.668,40,,25.668,2.26315
208,2015-11-23,29.498,19.498,40,,24.498,2.24205
209,2015-11-24,29.5,19.5,40,,24.5,2.23855
210,2015-11-30,29.519,19.519,40,,24.519,2.2069
211,2015-12-01,29.953,19.953,40,,24.953,2.14395
212,2015-12-02,29.994,19.994,40,,24.994,2.1771
213,2015-12-03,30.329,20.329,40,,25.329,2.3198
214,2015-12-04,31.164,21.164,40,,26.164,2.272
215,2015-12-07,31.211,21.211,40,,26.211,2.23495
216,2015-12-08,30.636,20.636,40,,25.636,2.22085
217,2015-12-09,30.656,20.656,40,,25.656,2.2103
218,2015-12-10,30.668,20.668,40,,25.668,2.23315
219,2015-12-11,30.667,20.667,40,,25.667,2.1314
220,2015-12-14,31.667,21.667,40,,26.667,2.2243
221,2015-12-15,31.082,21.082,40,,26.082,2.2667
222,2015-12-16,30.888,20.888,40,,25.888,2.2968
223,2015-12-17,30.822,20.822,40,,25.822,2.2243
224,2015-12-18,30.811,20.811,40,,25.811,2.2031
225,2016-01-08,29.468,19.468,40,,24.468,2.1147
226,2016-01-14,30.661,20.661,40,,25.661,2.09
227,2016-02-23,25.898,15.898,40,,20.898,1.7148
228,2016-02-24,17.755,7.755,40,,12.754999999999999,1.75095
229,2016-02-25,26.049,16.049,40,,21.049,1.71315
230,2016-03-11,33.999,23.999,40,,28.999000000000002,1.97945
231,2016-03-23,36.254,26.254,40,,31.253999999999998,1.87775
232,2016-03-24,38.013,28.013,40,,33.013,1.89915
233,2016-03-28,38.141,28.141,40,,33.141,1.8816
234,2016-03-29,38.6,28.6,40,,33.6,1.80265
235,2016-03-30,38.365,28.365,40,,33.365,1.8272
236,2016-03-31,38.345,28.345,40,,33.345,1.76955
237,2016-04-01,38.354,28.354,40,,33.354,1.77225
238,2016-04-04,38.366,28.366,40,,33.366,1.76095
239,2016-04-05,37.26,27.26,40,,32.26,1.7192
240,2016-04-06,37.263,27.263,40,,32.263,1.7575
241,2016-04-07,37.581,27.581,40,,32.581,1.68625
242,2016-04-08,37.6,27.6,40,,32.6,1.71585
243,2016-04-11,37.599,27.599,40,,32.599,1.72105
244,2016-04-12,37.588,27.588,40,,32.588,1.7752
245,2016-04-13,37.58,27.58,40,,32.58,1.76475
246,2016-04-14,39.91,29.91,40,,34.91,1.79105
247,2016-04-15,40.571,30.571,40,,35.571,1.75265
248,2016-04-18,40.609,30.609,40,,35.609,1.7702
249,2016-04-19,40.573,30.573,40,,35.573,1.786
250,2016-04-20,40.569,30.569,40,,35.569,1.84415
251,2016-04-21,40.564,30.564,40,,35.564,1.8637
252,2016-04-22,40.571,30.571,40,,35.571,1.89045
253,2016-04-25,39.932,29.932,40,,34.932,1.91365
254,2016-04-26,39.904,29.904,40,,34.904,1.9298
255,2016-04-27,40.908,30.908,40,,35.908,1.8516
256,2016-04-28,39.924,29.924,40,,34.924,1.8234
257,2016-05-02,38.131,28.131,40,,33.131,1.87145
258,2016-05-03,37.04,27.04,40,,32.04,1.7954
259,2016-05-04,35.019,28.019,40,,31.519,1.77605
260,2016-05-05,34.742,27.742,40,,31.241999999999997,1.74095
261,2016-05-06,34.273,27.273,40,,30.773000000000003,1.778
262,2016-05-09,34.207,27.207,40,,30.707,1.74985
263,2016-05-10,34.175,27.175,40,,30.674999999999997,1.7534
264,2016-05-11,33.484,26.484,40,,29.984,1.7341
265,2016-05-12,33.126,26.126,40,,29.625999999999998,1.74725
266,2016-05-13,32.887,25.887,40,,29.387,1.70095
267,2016-05-16,32.847,25.847,40,,29.347,1.75595
268,2016-05-17,32.782,25.782,40,,29.281999999999996,1.77145
269,2016-05-18,32.765,25.765,40,,29.265,1.8582
270,2016-05-19,32.061,25.061,40,,28.561,1.84605
271,2016-05-20,32.087,25.087,40,,28.587000000000003,1.84275
272,2016-05-23,32.102,25.102,40,,28.601999999999997,1.8341
273,2016-05-24,32.09,25.09,40,,28.590000000000003,1.86375
274,2016-05-25,31.422,24.422,40,,27.922,1.8708
275,2016-05-26,31.093,24.093,40,,27.593,1.82905
276,2016-05-27,30.934,23.934,40,,27.434,1.85015
277,2016-05-31,30.808,23.808,40,,27.308,1.8502
278,2016-06-01,30.788,23.788,40,,27.288,1.83805
279,2016-06-02,29.763,22.763,40,,26.263,1.79805
280,2016-06-03,25.51,18.51,40,,22.01,1.70125
281,2016-06-06,29.794,22.794,40,,26.294,1.7358
282,2016-06-07,29.771,22.771,40,,26.271,1.71515
283,2016-06-08,33.271,26.271,40,,29.771,1.70305
284,2016-06-09,37.27,22.27,40,,29.770000000000003,1.6807
285,2016-06-10,35.265,20.265,40,,27.765,1.64295
286,2016-06-13,35.625,28.625,40,,32.125,1.61215
287,2016-06-14,39.599,24.599,40,,32.099,1.61215
288,2016-06-15,39.6,24.6,40,,32.1,1.57455
289,2016-06-16,39.944,24.944,40,,32.444,1.57795
290,2016-06-17,40.267,25.267,40,,32.767,1.61035
291,2016-06-20,39.265,24.265,40,,31.765,1.6774
292,2016-06-21,39.297,24.297,40,,31.796999999999997,1.7085
293,2016-06-22,39.319,24.319,40,,31.819000000000003,1.68605
294,2016-06-23,39.336,24.336,40,,31.836,1.7432
295,2016-06-24,42.832,27.833,40,,35.332499999999996,1.56075
296,2016-06-27,43.532,23.532,40,,33.532,1.44365
297,2016-06-28,40.352,25.352,40,,32.852,1.46385
298,2016-06-29,40.677,25.677,40,,33.177,1.51635
299,2016-06-30,40.84,25.84,40,,33.34,1.47395
300,2016-07-01,40.94,25.94,40,,33.44,1.45515
301,2016-07-05,41.005,26.005,40,,33.505,1.37415
302,2016-07-06,41.005,26.005,40,,33.505,1.37245
303,2016-07-07,41.005,26.005,40,,33.505,1.38415
304,2016-07-11,41.021,26.021,40,,33.521,1.42945
305,2016-07-12,41.17,26.17,40,,33.67,1.50575
306,2016-07-13,40.559,25.559,40,,33.059,1.47175
307,2016-07-14,40.365,25.365,40,,32.865,1.53645
308,2016-07-18,35.687,34.687,40,,35.187,1.58095
309,2016-07-19,42.734,27.734,40,,35.234,1.5569
310,2016-07-20,42.753,27.753,40,,35.253,1.57925
311,2016-07-21,42.754,27.754,40,,35.254,1.55515
312,2016-07-22,42.759,27.759,40,,35.259,1.5654
313,2016-07-25,42.77,27.77,40,,35.27,1.574
314,2016-07-26,42.759,27.759,40,,35.259,1.56195
315,2016-07-28,40.358,25.358,40,,32.858,1.50695
316,2016-07-29,40.295,25.295,40,,32.795,1.44885
317,2016-08-01,40.287,25.287,40,,32.787,1.51885
318,2016-08-02,40.26,25.26,40,,32.76,1.5532
319,2016-08-05,40.319,25.319,40,,32.819,1.58935
320,2016-08-08,36.15,21.15,40,,28.65,1.5911
321,2016-08-09,35.549,20.549,40,,28.049,1.5479
322,2016-08-10,35.35,20.35,40,,27.85,1.51175
323,2016-08-11,35.289,20.289,40,,27.789,1.56015
324,2016-08-12,35.261,20.261,40,,27.761000000000003,1.50925
325,2016-08-15,33.601,18.601,40,,26.101,1.55675
326,2016-08-16,33.031,18.031,40,,25.531,1.57375
327,2016-08-17,32.845,17.845,40,,25.345,1.5474
328,2016-08-18,32.785,17.785,40,,25.284999999999997,1.53305
329,2016-08-22,34.162,19.162,40,,26.662,1.54325
330,2016-08-23,33.894,18.894,40,,26.394,1.54495
331,2016-08-24,33.803,18.803,40,,26.302999999999997,1.56195
332,2016-08-25,33.774,18.774,40,,26.274,1.57735
333,2016-08-29,34.274,19.274,40,,26.774,1.56205
334,2016-08-30,33.933,18.933,40,,26.433,1.56885
335,2016-08-31,33.816,18.816,40,,26.316000000000003,1.57745
336,2016-09-01,33.776,18.776,40,,26.276000000000003,1.5672
337,2016-09-06,34.503,19.503,40,,27.003,1.53485
338,2016-09-07,34.041,19.041,40,,26.540999999999997,1.53485
339,2016-09-08,33.884,18.884,40,,26.384,1.59985
340,2016-09-09,33.829,18.829,40,,26.329,1.67405
341,2016-09-12,33.823,18.823,40,,26.323,1.66545
342,2016-09-13,33.768,18.768,40,,26.268,1.72795
343,2016-09-14,33.759,18.759,40,,26.259,1.69675
344,2016-09-15,33.762,18.763,40,,26.262500000000003,1.6968
345,2016-09-16,33.76,18.76,40,,26.259999999999998,1.69345
346,2016-09-19,33.754,18.754,40,,26.253999999999998,1.7057
347,2016-09-20,36.806,21.806,40,,29.305999999999997,1.69185
348,2016-09-21,37.139,22.139,40,,29.639000000000003,1.6537
349,2016-09-22,37.066,22.066,40,,29.566000000000003,1.61745
350,2016-09-23,37.053,22.053,40,,29.552999999999997,1.61925
351,2016-09-26,37.06,22.06,40,,29.560000000000002,1.58305
352,2016-09-27,37.047,22.047,40,,29.546999999999997,1.55905
353,2016-09-28,37.015,22.015,40,,29.515,1.57105
354,2016-09-29,34.174,19.174,40,,26.674,1.55735
355,2016-09-30,33.619,18.619,40,,26.119,1.597
356,2016-10-03,33.046,18.046,40,,25.546,1.62645
357,2016-10-04,32.848,17.848,40,,25.348,1.689
358,2016-10-05,32.783,17.783,40,,25.283,1.70475
359,2016-10-06,32.762,17.762,40,,25.262,1.73805
360,2016-10-07,32.754,17.754,40,,25.253999999999998,1.7225
361,2016-10-11,33.146,18.146,40,,25.646,1.76645
362,2016-10-13,33.191,18.191,40,,25.691000000000003,1.7455
363,2016-10-14,32.896,17.896,40,,25.396,1.8039
364,2016-10-17,32.14,17.14,40,,24.64,1.7669
365,2016-10-18,31.877,16.877,40,,24.377,1.7388
366,2016-10-19,31.797,16.797,40,,24.297,1.7459
367,2016-10-20,31.764,16.764,40,,24.264,1.75475
368,2016-10-24,32.368,17.368,40,,24.868000000000002,1.7656
369,2016-10-25,31.957,16.957,40,,24.457,1.75685
370,2016-10-26,31.819,16.819,40,,24.319,1.7905
371,2016-10-27,31.774,16.774,40,,24.274,1.8492
372,2016-10-28,31.759,16.759,40,,24.259,1.8477
373,2016-10-31,31.763,16.763,40,,24.263,1.8246
374,2016-11-01,31.769,16.769,40,,24.269,1.8265
375,2016-11-02,35.203,20.203,40,,27.703000000000003,1.7999
376,2016-11-03,36.066,21.066,40,,28.566000000000003,1.80885
377,2016-11-04,36.272,21.272,40,,28.772,1.7771
378,2016-11-07,36.343,21.343,40,,28.843000000000004,1.827
379,2016-11-08,36.331,21.331,40,,28.831000000000003,1.8574
380,2016-11-09,36.333,21.333,40,,28.833,2.06715
381,2016-11-10,36.32,21.32,40,,28.82,2.1369
382,2016-11-14,36.347,21.347,40,,28.847,2.25345
383,2016-11-15,36.325,21.325,40,,28.825000000000003,2.22775
384,2016-11-16,36.342,21.342,40,,28.842,2.21275
385,2016-11-17,36.346,21.346,40,,28.845999999999997,2.2964
386,2016-11-18,36.336,21.336,40,,28.836,2.3467
387,2016-11-21,36.349,21.349,40,,28.848999999999997,2.31275
388,2016-11-22,34.721,19.721,40,,27.220999999999997,2.3128
389,2016-11-23,31.82,21.82,40,,26.82,2.3543
390,2016-11-25,32.081,22.081,40,,27.081000000000003,2.3581
391,2016-11-28,33.667,23.667,40,,28.667,2.3115
392,2016-11-29,36.859,21.859,40,,29.359,2.29185
393,2016-11-30,36.32,21.32,40,,28.82,2.3882
394,2016-12-02,36.239,21.239,40,,28.738999999999997,2.3913
395,2016-12-05,36.342,21.342,40,,28.842,2.4004
396,2016-12-06,36.334,21.334,40,,28.834000000000003,2.39145
397,2016-12-07,36.342,21.342,40,,28.842,2.3419
398,2016-12-08,36.349,21.349,40,,28.848999999999997,2.408
399,2016-12-13,36.23,21.23,40,,28.729999999999997,2.47225
400,2016-12-15,36.232,21.232,40,,28.732,2.60505
401,2016-12-16,36.309,21.309,40,,28.808999999999997,2.5981
402,2016-12-19,36.355,21.355,40,,28.854999999999997,2.5428
403,2016-12-20,36.667,21.667,40,,29.167,2.55955
404,2016-12-21,36.422,21.422,40,,28.921999999999997,2.5375
405,2016-12-22,35.239,20.239,40,,27.738999999999997,2.5524
406,2017-01-04,37.206,22.206,40,,29.706000000000003,2.43995
407,2017-01-05,36.909,21.909,40,,29.409,2.347
408,2017-01-06,36.812,21.812,40,,29.311999999999998,2.42025
409,2017-01-09,36.767,21.767,40,,29.267000000000003,2.3674
410,2017-01-10,36.756,21.756,40,,29.256,2.3766
411,2017-01-11,36.752,21.752,40,,29.252000000000002,2.3694
412,2017-01-12,36.755,21.755,40,,29.255000000000003,2.3604
413,2017-01-13,35.873,20.873,40,,28.372999999999998,2.3973
414,2017-01-17,36.399,21.399,40,,28.899,2.3244
415,2017-01-18,35.976,20.976,40,,28.476,2.4268
416,2017-01-19,35.82,20.82,40,,28.32,2.46925
417,2017-01-20,35.779,20.779,40,,28.279000000000003,2.4659
418,2017-01-23,35.781,20.781,40,,28.281,2.3998
419,2017-01-24,35.769,20.769,40,,28.269,2.4643
420,2017-01-25,37.755,22.755,40,,30.255000000000003,2.5144
421,2017-01-26,38.422,23.422,40,,30.921999999999997,2.5108
422,2017-01-27,38.649,23.649,40,,31.149,2.48525
423,2017-01-30,38.735,23.735,40,,31.235,2.48905
424,2017-01-31,38.747,23.747,40,,31.247,2.4651
425,2017-02-01,38.759,23.759,40,,31.259,2.47635
426,2017-02-02,38.756,23.756,40,,31.256,2.47275
427,2017-02-03,39.688,24.688,40,,32.188,2.4657
428,2017-02-06,38.839,23.839,40,,31.339,2.41595
429,2017-02-07,38.789,23.789,40,,31.289,2.3958
430,2017-02-08,38.768,23.768,40,,31.268,2.33905
431,2017-02-09,38.767,23.767,40,,31.267000000000003,2.3957
432,2017-02-10,38.754,23.754,40,,31.253999999999998,2.4082
433,2017-02-13,39.378,24.378,40,,31.878,2.43495
434,2017-02-14,47.505,38.505,40,,43.005,2.4707
435,2017-02-15,40.0,25.0,40,,32.5,2.4959
436,2017-02-16,37.396,27.396,40,,32.396,2.4458
437,2017-02-17,39.812,24.812,40,,32.312,2.4191
438,2017-02-21,39.633,24.633,40,,32.133,2.4299
439,2017-02-22,39.709,24.709,40,,32.209,2.4138
440,2017-02-23,39.747,24.747,40,,32.247,2.3746
441,2017-02-24,39.759,24.759,40,,32.259,2.31435
442,2017-02-27,39.776,24.776,40,,32.276,2.36585
443,2017-02-28,39.753,24.753,40,,32.253,2.3962
444,2017-03-01,39.758,24.758,40,,32.258,2.4571
445,2017-03-02,39.753,24.753,40,,32.253,2.4806
446,2017-03-03,39.757,24.757,40,,32.257,2.4807
447,2017-03-06,39.774,24.774,40,,32.274,2.4934
448,2017-03-07,45.167,30.167,40,,37.667,2.517
449,2017-03-08,40.065,25.065,40,,32.565,2.55875
450,2017-03-09,39.859,24.859,40,,32.359,2.60805
451,2017-03-10,39.789,24.789,40,,32.289,2.5736
452,2017-03-13,39.786,24.786,40,,32.286,2.6249
453,2017-03-15,36.569,27.569,40,,32.069,2.49935
454,2017-03-16,39.285,24.285,40,,31.784999999999997,2.5357
455,2017-03-17,39.737,24.737,40,,32.237,2.4996
456,2017-03-20,42.818,27.818,40,,35.318,2.46165
457,2017-03-21,40.413,25.413,40,,32.913,2.4148
458,2017-03-22,40.995,25.995,40,,33.495,2.4023
459,2017-03-23,41.107,26.107,40,,33.607,2.4167
460,2017-03-24,41.156,26.156,40,,33.656,2.4168
461,2017-03-27,41.158,26.158,40,,33.658,2.3773
462,2017-03-28,41.121,26.121,40,,33.621,2.4187
463,2017-03-29,41.104,26.104,40,,33.604,2.3792
464,2017-03-30,40.418,25.418,40,,32.918,2.4206
465,2017-03-31,40.927,25.927,40,,33.427,2.3883
466,2017-04-03,40.155,25.155,40,,32.655,2.322
467,2017-04-04,40.638,25.638,40,,33.138,2.3632
468,2017-04-05,40.627,25.627,40,,33.127,2.3381
469,2017-04-06,40.635,25.635,40,,33.135,2.3399
470,2017-04-07,40.628,25.628,40,,33.128,2.3813
471,2017-04-10,40.646,25.646,40,,33.146,2.3652
472,2017-04-11,41.038,26.038,40,,33.538,2.2971
473,2017-04-12,40.644,25.644,40,,33.144,2.2436
474,2017-04-13,41.021,26.021,40,,33.521,2.23115
475,2017-04-17,41.211,26.211,40,,33.711,2.2472
476,2017-04-18,40.628,25.628,40,,33.128,2.1709
477,2017-04-19,40.636,25.636,40,,33.136,2.21515
478,2017-04-20,39.623,26.623,40,,33.123,2.2347
479,2017-04-21,41.023,26.023,40,,33.523,2.2454
480,2017-04-24,40.403,25.403,40,,32.903,2.27215
481,2017-04-25,40.623,25.623,40,,33.123,2.3331
482,2017-04-26,40.621,25.621,40,,33.121,2.3026
483,2017-04-27,40.628,25.628,40,,33.128,2.299
484,2017-04-28,40.635,25.635,40,,33.135,2.2883
485,2017-05-01,40.403,25.403,40,,32.903,2.3207
486,2017-05-02,40.641,25.641,40,,33.141,2.2865
487,2017-05-03,40.654,25.654,40,,33.154,2.3207
488,2017-05-04,37.167,22.167,40,,29.667,2.3514
489,2017-05-05,36.669,22.669,40,,29.668999999999997,2.3496
490,2017-05-08,38.685,23.685,40,,31.185000000000002,2.3877
491,2017-05-09,38.672,23.672,40,,31.171999999999997,2.3968
492,2017-05-10,38.674,23.674,40,,31.174,2.4096
493,2017-05-11,38.67,23.67,40,,31.17,2.3918
494,2017-05-12,38.676,23.676,40,,31.176000000000002,2.32485
495,2017-05-15,39.003,24.003,40,,31.503,2.3424
496,2017-05-16,36.131,21.131,40,,28.631,2.3248
497,2017-05-17,39.01,24.01,40,,31.509999999999998,2.22165
498,2017-05-18,39.003,24.003,40,,31.503,2.22685
499,2017-05-19,39.005,24.005,40,,31.505000000000003,2.2337
500,2017-05-22,40.721,25.721,40,,33.221,2.2511
501,2017-05-23,39.007,24.007,40,,31.506999999999998,2.2808
502,2017-05-24,39.172,24.172,40,,31.671999999999997,2.251
503,2017-05-25,39.012,24.012,40,,31.512,2.2545
504,2017-05-26,39.175,24.175,40,,31.674999999999997,2.2491
505,2017-05-30,39.769,24.769,40,,32.269,2.20715
506,2017-05-31,39.341,24.341,40,,31.841,2.2054
507,2017-06-01,39.367,24.367,40,,31.866999999999997,2.21235
508,2017-06-02,39.367,24.367,40,,31.866999999999997,2.15825
509,2017-06-05,39.367,24.367,40,,31.866999999999997,2.1825
510,2017-06-06,39.368,24.368,40,,31.868000000000002,2.14425
511,2017-06-07,39.664,24.664,40,,32.164,2.17545
512,2017-06-08,39.368,24.368,40,,31.868000000000002,2.1911
513,2017-06-09,39.658,24.658,40,,32.158,2.2014
514,2017-06-12,39.38,24.38,40,,31.880000000000003,2.2136
515,2017-06-13,39.372,24.372,40,,31.872,2.21005
516,2017-06-14,39.369,24.369,40,,31.869,2.1264
517,2017-06-15,39.665,24.665,40,,32.165,2.16285
518,2017-06-16,39.367,24.367,40,,31.866999999999997,2.15225
519,2017-06-19,39.619,24.62,40,,32.1195,2.19055
520,2017-06-20,39.292,24.292,40,,31.792,2.1556
521,2017-06-21,39.632,24.632,40,,32.132,2.16425
522,2017-06-22,39.634,24.634,40,,32.134,2.1468
523,2017-06-23,40.094,25.094,40,,32.594,2.14315
524,2017-06-26,39.927,24.927,40,,32.427,2.13435
525,2017-06-27,40.105,25.105,40,,32.605,2.20245
526,2017-06-28,39.615,24.615,40,,32.115,2.22525
527,2017-06-29,45.675,30.675,40,,38.175,2.2657
528,2017-06-30,39.616,24.617,40,,32.1165,2.3028
529,2017-07-03,39.627,24.627,40,,32.127,2.3472
530,2017-07-05,39.993,24.993,40,,32.493,2.3258
531,2017-07-06,39.869,24.869,40,,32.369,2.3668
532,2017-07-07,39.619,24.619,40,,32.119,2.3847
533,2017-07-10,39.352,24.352,40,,31.851999999999997,2.3721
534,2017-07-11,39.623,24.623,40,,32.123,2.3596
535,2017-07-12,39.345,24.345,40,,31.845,2.3186
536,2017-07-13,39.337,24.337,40,,31.837000000000003,2.3471
537,2017-07-14,39.62,24.62,40,,32.12,2.331
538,2017-07-17,39.635,24.635,40,,32.135,2.3132
539,2017-07-18,39.622,24.622,40,,32.122,2.25895
540,2017-07-19,39.625,24.625,40,,32.125,2.27045
541,2017-07-20,39.62,24.62,40,,32.12,2.25625
542,2017-07-21,39.62,24.62,40,,32.12,2.23665
543,2017-07-24,39.634,24.634,40,,32.134,2.2561
544,2017-07-25,39.346,24.346,40,,31.845999999999997,2.3309
545,2017-07-26,39.614,24.614,40,,32.114,2.2916
546,2017-07-27,39.905,24.905,40,,32.405,2.3184
547,2017-07-28,39.619,24.619,40,,32.119,2.28975
548,2017-07-31,39.783,24.783,40,,32.283,2.2951
549,2017-08-01,37.544,26.982,40,,32.263,2.2523
550,2017-08-02,39.902,24.902,40,,32.402,2.2701
551,2017-08-03,39.619,24.619,40,,32.119,2.2185
552,2017-08-04,39.624,24.624,40,,32.124,2.26285
553,2017-08-07,39.629,24.629,40,,32.129,2.2557
554,2017-08-08,39.342,24.342,40,,31.842,2.261
555,2017-08-09,39.621,24.621,40,,32.121,2.2485
556,2017-08-10,39.622,24.622,40,,32.122,2.19925
557,2017-08-11,39.625,24.625,40,,32.125,2.18965
558,2017-08-14,39.636,24.636,40,,32.136,2.22285
559,2017-08-15,39.339,24.339,40,,31.839,2.27195
560,2017-08-16,39.617,24.617,40,,32.117,2.2246
561,2017-08-17,39.346,24.346,40,,31.845999999999997,2.1844
562,2017-08-18,39.624,24.624,40,,32.124,2.19655
563,2017-08-21,39.632,24.632,40,,32.132,2.18255
564,2017-08-22,39.622,24.622,40,,32.122,2.21575
565,2017-08-23,35.673,20.673,40,,28.173000000000002,2.16855
566,2017-08-24,39.626,24.626,40,,32.126,2.19475
567,2017-08-25,39.342,24.342,40,,31.842,2.1685
568,2017-08-28,39.033,24.033,40,,31.533,2.158
569,2017-09-01,38.012,26.012,40,,32.012,2.1648
571,2017-09-05,33.356,30.356,40,,31.856,2.06215
572,2017-09-06,39.35,24.351,40,,31.8505,2.1055
573,2017-09-07,35.589,23.089,40,,29.339,2.04135
574,2017-09-08,34.356,24.356,40,,29.356,2.05325
575,2017-09-11,33.798,23.798,40,,28.798000000000002,2.13315
576,2017-09-12,33.782,23.782,40,,28.781999999999996,2.16635
577,2017-09-13,34.34,24.34,40,,29.340000000000003,2.19265
578,2017-09-14,33.785,23.785,40,,28.784999999999997,2.1856
579,2017-09-15,33.786,23.786,40,,28.786,2.2014
580,2017-09-18,33.797,23.797,40,,28.796999999999997,2.2331
581,2017-09-19,34.347,24.347,40,,29.347,2.24545
582,2017-09-20,32.901,22.901,40,,27.901000000000003,2.272
583,2017-09-21,35.316,25.316,40,,30.316000000000003,2.27735
584,2017-09-22,30.835,20.835,40,,25.835,2.2525
585,2017-09-25,35.913,25.913,40,,30.912999999999997,2.2207
586,2017-09-27,35.264,25.264,40,,30.264000000000003,2.3094
587,2017-09-28,35.402,25.402,40,,30.402,2.30765
588,2017-09-29,35.34,25.34,40,,30.340000000000003,2.3381
589,2017-10-02,35.926,25.926,40,,30.926000000000002,2.3399
590,2017-10-03,35.349,25.349,40,,30.348999999999997,2.3238
591,2017-10-05,35.291,25.291,40,,30.290999999999997,2.3471
592,2017-10-06,36.196,26.196,40,,31.195999999999998,2.3598
593,2017-10-10,37.184,22.684,40,,29.933999999999997,2.3544
594,2017-10-11,33.528,26.528,40,,30.028,2.3526
595,2017-10-12,33.686,26.186,40,,29.936,2.3204
596,2017-10-13,33.254,26.254,40,,29.753999999999998,2.2739
597,2017-10-16,32.531,28.531,40,,30.531,2.3043
598,2017-10-17,33.725,26.725,40,,30.225,2.3007
599,2017-10-18,34.167,24.167,40,,29.167,2.3438
600,2017-10-19,31.731,21.731,40,,26.731,2.3169
601,2017-10-20,30.281,22.281,40,,26.281,2.3818
602,2017-10-23,31.05,21.05,40,,26.05,2.36915
603,2017-10-24,30.006,20.006,40,,25.006,2.41985
604,2017-10-25,28.501,21.501,40,,25.001,2.4344
605,2017-10-26,27.5,20.5,40,,24.0,2.4618
606,2017-10-27,27.502,20.502,40,,24.002,2.4146
607,2017-10-30,29.124,19.124,40,,24.124,2.36935
608,2017-10-31,28.617,18.617,40,,23.617,2.3766
609,2017-11-01,26.863,20.363,40,,23.613,2.3712
610,2017-11-02,26.004,22.004,40,,24.004,2.34775
611,2017-11-06,29.333,19.333,40,,24.333,2.3172
612,2017-11-07,29.115,19.115,40,,24.115,2.3154
613,2017-11-08,29.003,19.003,40,,24.003,2.3334
614,2017-11-09,25.919,20.419,40,,23.169,2.33895
615,2017-11-10,24.56,23.56,40,,24.06,2.4011
616,2017-11-13,29.118,19.118,40,,24.118,2.4064
617,2017-11-14,28.333,18.333,40,,23.333,2.3744
618,2017-11-15,24.337,20.337,40,,22.337,2.3248
619,2017-11-16,29.117,19.117,40,,24.117,2.37445
620,2017-11-20,29.178,19.178,40,,24.178,2.36745
621,2017-11-21,26.807,21.307,40,,24.057,2.3568
622,2017-11-24,29.34,19.34,40,,24.34,2.3392
623,2017-11-27,29.176,19.176,40,,24.176,2.3303
624,2017-11-28,25.417,19.917,40,,22.667,2.325
625,2017-11-29,28.558,18.558,40,,23.558,2.3873
626,2017-11-30,28.853,18.853,40,,23.853,2.4141
627,2017-12-01,29.745,19.745,40,,24.745,2.3624
628,2017-12-04,27.259,17.259,40,,22.259,2.3714
629,2017-12-05,25.02,18.02,40,,21.52,2.3518
630,2017-12-06,25.022,18.022,40,,21.522,2.3394
631,2017-12-07,25.024,18.024,40,,21.524,2.36075
632,2017-12-08,25.02,18.02,40,,21.52,2.3769
633,2017-12-11,24.923,17.923,40,,21.423,2.3894
634,2017-12-12,24.914,17.914,40,,21.414,2.402
635,2017-12-13,24.914,17.914,40,,21.414,2.3457
636,2017-12-15,30.066,10.066,40,,20.066,2.3503
637,2017-12-18,24.784,17.784,40,,21.284,2.3933
638,2017-12-19,24.91,17.91,40,,21.41,2.4581
639,2017-12-20,28.125,14.625,40,,21.375,2.4961
640,2017-12-21,28.136,14.636,40,,21.386,2.4835
641,2017-12-27,28.44,14.94,40,,21.69,2.41155
642,2017-12-29,29.717,9.717,40,,19.717,2.4045
643,2018-01-02,30.258,16.758,40,,23.508,2.4606
644,2018-01-03,27.055,15.555,40,,21.305,2.4443
645,2018-01-04,24.819,17.819,40,,21.319,2.4516
646,2018-01-05,23.0,18.0,40,,20.5,2.4754
647,2018-01-08,26.924,23.924,40,,25.424,2.4791
648,2018-01-09,29.227,9.227,40,,19.227,2.5503
649,2018-01-10,22.709,15.709,40,,19.209,2.5577
650,2018-01-11,22.73,15.73,40,,19.23,2.5358
651,2018-01-12,25.985,12.485,40,,19.235,2.5489
652,2018-01-17,25.969,12.469,40,,19.219,2.5858
653,2018-01-18,22.702,15.702,40,,19.202,2.6228
654,2018-01-19,22.707,15.707,40,,19.207,2.66015
655,2018-01-22,22.761,15.761,40,,19.261,2.6547
656,2018-01-23,25.975,12.475,40,,19.225,2.61585
657,2018-01-24,22.768,15.768,40,,19.268,2.64745
658,2018-01-25,22.715,15.715,40,,19.215,2.62345
659,2018-01-26,24.982,11.482,40,,18.232,2.659
660,2018-01-29,23.917,10.417,40,,17.167,2.69825
661,2018-01-30,27.484,7.484,40,,17.484,2.72265
662,2018-01-31,24.229,10.729,40,,17.479,2.71155
663,2018-02-01,20.3,13.3,40,,16.8,2.7802
664,2018-02-02,23.55,10.05,40,,16.8,2.84015
665,2018-02-05,23.966,10.466,40,,17.216,2.7084
666,2018-02-06,26.128,12.628,40,,19.378,2.80445
667,2018-02-07,26.87,11.87,40,,19.37,2.83305
668,2018-02-08,26.872,11.872,40,,19.372,2.8267
669,2018-02-09,24.876,13.876,40,,19.376,2.8557
670,2018-02-12,26.887,11.887,40,,19.387,2.85755
671,2018-02-13,26.839,11.839,40,,19.339,2.8321
672,2018-02-14,26.843,11.843,40,,19.343,2.9122
673,2018-02-15,26.329,16.329,40,,21.329,2.9049
674,2018-02-16,26.838,11.838,40,,19.338,2.8722
675,2018-02-21,21.504,20.504,40,,21.004,2.95095
676,2018-02-22,26.002,16.002,40,,21.002,2.91795
677,2018-02-23,24.34,14.34,40,,19.34,2.86505
678,2018-02-26,24.348,14.348,40,,19.348,2.86325
679,2018-02-27,25.169,10.169,40,,17.669,2.8998
680,2018-02-28,25.166,10.166,40,,17.666,2.8633
681,2018-03-01,25.203,10.203,40,,17.703,2.8105
682,2018-03-02,22.705,12.705,40,,17.705,2.867
683,2018-03-05,25.204,10.204,40,,17.704,2.8817
684,2018-03-06,25.2,10.2,40,,17.7,2.8854
685,2018-03-07,25.2,10.2,40,,17.7,2.8799
686,2018-03-08,25.202,10.202,40,,17.702,2.85615
687,2018-03-14,27.373,7.373,40,,17.373,2.81795
688,2018-03-15,24.873,9.873,40,,17.373,2.82525
689,2018-03-16,24.873,9.873,40,,17.373,2.8436
690,2018-03-19,22.379,12.379,40,,17.379,2.8546
691,2018-03-20,27.953,12.953,40,,20.453,2.89865
692,2018-03-21,28.467,13.467,40,,20.967,2.8803
693,2018-03-22,28.494,13.494,40,,20.994,2.8217
694,2018-03-23,28.527,13.527,40,,21.027,2.8126
695,2018-03-26,28.519,13.519,40,,21.019,2.85105
696,2018-03-27,25.968,15.968,40,,20.968,2.77435
697,2018-03-29,30.747,10.747,40,,20.747,2.7398
698,2018-04-02,28.894,13.894,40,,21.394,2.7325
699,2018-04-03,28.876,13.876,40,,21.376,2.7798
700,2018-04-04,30.169,15.169,40,,22.669,2.80725
701,2018-04-05,25.671,19.671,40,,22.671,2.8329
702,2018-04-06,26.336,16.336,40,,21.336,2.7744
703,2018-04-09,28.862,13.862,40,,21.362,2.7799
704,2018-04-10,28.839,13.839,40,,21.339,2.8
705,2018-04-11,27.171,12.171,40,,19.671,2.77805
706,2018-04-16,29.686,9.686,40,,19.686,2.8276
707,2018-04-17,27.172,12.172,40,,19.672,2.82945
708,2018-04-18,23.492,10.992,40,,17.242,2.8737
709,2018-04-19,22.697,12.697,40,,17.697,2.9126
710,2018-04-20,19.974,14.974,40,,17.474,2.95925
711,2018-04-23,19.759,14.759,40,,17.259,2.9761
712,2018-04-24,23.862,8.862,40,,16.362,2.9986
713,2018-04-25,19.622,14.622,40,,17.122,3.0296
714,2018-04-26,24.133,9.133,40,,16.633,2.98185
715,2018-04-27,23.883,8.883,40,,16.383,2.95775
716,2018-04-30,21.646,11.646,40,,16.646,2.95405
717,2018-05-01,21.637,11.637,40,,16.637,2.96715
718,2018-05-02,21.17,11.17,40,,16.17,2.9747
719,2018-05-03,21.171,11.171,40,,16.171,2.94675
720,2018-05-04,21.176,11.176,40,,16.176,2.9506
721,2018-05-07,21.176,11.176,40,,16.176,2.95065
722,2018-05-08,21.502,11.502,40,,16.502,2.9713
723,2018-05-09,21.503,11.503,40,,16.503,3.00515
724,2018-05-10,21.505,11.505,40,,16.505,2.9631
725,2018-05-11,21.508,11.508,40,,16.508,2.9686
726,2018-05-14,21.502,11.502,40,,16.502,3.0015
727,2018-05-15,21.502,11.502,40,,16.502,3.0714
728,2018-05-16,21.535,11.535,40,,16.535,3.10285
729,2018-05-17,21.537,11.537,40,,16.537,3.114
730,2018-05-18,21.541,11.541,40,,16.541,3.0587
731,2018-05-21,23.272,13.272,40,,18.272,3.05685
732,2018-05-22,23.224,13.224,40,,18.224,3.06155
733,2018-05-23,23.228,13.228,40,,18.228,2.99255
734,2018-05-24,23.28,13.28,40,,18.28,2.9761
735,2018-05-25,23.252,13.252,40,,18.252,2.9304
736,2018-05-29,23.185,13.185,40,,18.185,2.789
737,2018-05-30,23.18,13.18,40,,18.18,2.85585
738,2018-05-31,23.166,13.166,40,,18.166,2.8595
739,2018-06-01,23.17,13.17,40,,18.17,2.9013
740,2018-06-07,25.335,10.335,40,,17.835,2.92135
741,2018-06-08,22.846,12.846,40,,17.846,2.947
742,2018-06-11,20.344,15.344,40,,17.844,2.9507
743,2018-06-12,22.836,12.836,40,,17.836,2.96355
744,2018-06-13,22.839,12.839,40,,17.839,2.97275
745,2018-06-15,24.346,9.346,40,,16.846,2.9214
746,2018-06-18,22.846,12.846,40,,17.846,2.91595
747,2018-06-19,22.841,12.841,40,,17.841,2.8958
748,2018-06-20,22.842,12.842,40,,17.842,2.9361
749,2018-06-21,22.815,12.815,40,,17.815,2.89765
750,2018-06-22,20.343,15.343,40,,17.843,2.894
751,2018-06-25,22.786,12.786,40,,17.786,2.8812
752,2018-06-26,21.25,16.25,40,,18.75,2.8757
753,2018-06-27,21.908,14.408,40,,18.158,2.82555
754,2018-06-28,22.846,12.846,40,,17.846,2.8392
755,2018-06-29,20.347,15.347,40,,17.847,2.8592
756,2018-07-02,22.879,12.879,40,,17.879,2.8702
757,2018-07-03,23.508,13.508,40,,18.508,2.8318
758,2018-07-05,21.499,16.499,40,,18.999,2.8318
759,2018-07-09,25.369,10.369,40,,17.869,2.85735
760,2018-07-10,23.504,13.504,40,,18.504,2.8665
761,2018-07-11,22.869,12.869,40,,17.869,2.83905
762,2018-07-12,22.874,12.874,40,,17.874,2.8482
763,2018-07-13,22.873,12.873,40,,17.873,2.828
764,2018-07-16,22.894,12.894,40,,17.894,2.85545
765,2018-07-17,20.371,15.371,40,,17.871,2.8591
766,2018-07-18,22.872,12.872,40,,17.872,2.8738
767,2018-07-19,22.872,12.872,40,,17.872,2.8371
768,2018-07-20,22.88,12.88,40,,17.88,2.89405
769,2018-07-23,22.878,12.878,40,,17.878,2.95875
770,2018-07-24,21.503,11.503,40,,16.503,2.9495
771,2018-07-25,21.502,11.502,40,,16.502,2.97175
772,2018-07-26,21.508,11.508,40,,16.508,2.98105
773,2018-07-27,21.507,11.507,40,,16.507,2.957
774,2018-07-30,21.214,11.214,40,,16.214,2.97375
775,2018-07-31,17.684,12.684,40,,15.184000000000001,2.96075
776,2018-08-01,19.821,9.821,40,,14.821000000000002,3.0036
777,2018-08-02,18.308,11.308,40,,14.808,2.98495
778,2018-08-03,19.829,9.829,40,,14.829,2.9497
779,2018-08-06,19.844,9.844,40,,14.844000000000001,2.94415
780,2018-08-07,19.824,9.824,40,,14.824000000000002,2.97575
781,2018-08-08,19.814,9.814,40,,14.814,2.96275
782,2018-08-10,22.362,7.362,40,,14.861999999999998,2.8723
783,2018-09-04,20.556,10.556,40,,15.556000000000001,2.8976
784,2018-09-05,20.89,10.89,40,,15.89,2.9031
785,2018-09-20,22.897,12.897,40,,17.897,3.06355
786,2018-09-21,22.65,12.65,40,,17.65,3.06555
787,2018-09-24,21.841,11.841,40,,16.841,3.08795
788,2018-09-25,22.053,12.053,40,,17.053,3.09735
789,2018-09-26,22.053,12.053,40,,17.053,3.04705
790,2018-09-27,22.053,12.053,40,,17.053,3.05455
791,2018-09-28,22.057,12.057,40,,17.057,3.06395
792,2018-10-01,22.397,12.397,40,,17.397,3.08455
793,2018-10-02,19.889,14.889,40,,17.389,3.06035
794,2018-10-03,19.892,14.892,40,,17.392,3.18035
795,2018-10-04,22.386,12.386,40,,17.386,3.18605
796,2018-10-09,24.887,9.887,40,,17.387,3.20535
797,2018-10-10,22.387,12.387,40,,17.387,3.1733
798,2018-10-11,22.559,17.559,40,,20.059,3.14505
799,2018-10-12,25.47,12.97,40,,19.22,3.16605
800,2018-10-15,24.232,14.232,40,,19.232,3.15475
801,2018-10-16,24.473,11.973,40,,18.223,3.16235
802,2018-10-17,24.47,11.97,40,,18.22,3.20595
803,2018-10-18,24.472,11.972,40,,18.222,3.17575
804,2018-10-19,24.47,11.97,40,,18.22,3.19485
805,2018-10-22,24.479,11.979,40,,18.229,3.19875
806,2018-10-23,25.47,12.97,40,,19.22,3.17045
807,2018-10-24,25.47,12.97,40,,19.22,3.11005
808,2018-10-25,26.803,14.303,40,,20.553,3.12525
809,2018-10-26,25.553,15.553,40,,20.553,3.07645
810,2018-10-29,26.803,14.303,40,,20.553,3.08775
811,2018-10-30,27.803,15.303,40,,21.553,3.11795
812,2018-10-31,26.556,16.556,40,,21.556,3.14825
813,2018-11-01,26.055,16.055,40,,21.055,3.13315
814,2018-11-02,26.803,14.303,40,,20.553,3.21885
815,2018-11-05,26.811,14.311,40,,20.561,3.19985
816,2018-11-06,26.808,14.308,40,,20.558,3.23045
817,2018-11-07,26.806,14.306,40,,20.556,3.2364
818,2018-11-08,26.473,13.973,40,,20.223,3.23825
819,2018-11-13,28.057,13.057,40,,20.557,3.1406
820,2018-11-14,27.137,14.637,40,,20.887,3.1259
821,2018-11-15,27.143,14.643,40,,20.893,3.1094
822,2018-11-16,27.137,14.637,40,,20.887,3.06375
823,2018-11-19,27.152,14.652,40,,20.902,3.0619
824,2018-11-20,27.142,14.642,40,,20.892,3.06005
825,2018-11-26,28.734,13.734,40,,21.234,3.0581
826,2018-11-27,27.473,14.973,40,,21.223,3.0581
827,2018-11-28,27.475,14.975,40,,21.225,3.0599
828,2018-11-29,27.47,14.97,40,,21.22,3.0307
829,2018-11-30,27.476,14.976,40,,21.226,2.9924
830,2018-12-03,25.553,15.553,40,,20.553,2.9652
831,2018-12-06,27.843,12.843,40,,20.343,2.891
832,2018-12-07,27.93,15.43,40,,21.68,2.8567
833,2018-12-10,28.284,15.784,40,,22.034,2.862
834,2018-12-11,28.613,16.113,40,,22.363,2.8781
835,2018-12-12,28.585,16.085,40,,22.335,2.9096
836,2018-12-13,28.252,15.752,40,,22.002,2.9122
837,2018-12-14,28.26,15.76,40,,22.01,2.894
838,2018-12-17,29.529,14.529,40,,22.029,2.8561
839,2018-12-18,29.513,14.513,40,,22.013,2.8219
840,2018-12-19,28.264,15.764,40,,22.014,2.7611
841,2018-12-20,29.506,14.506,40,,22.006,2.8074
842,2018-12-21,29.479,14.479,40,,21.979,2.7875
843,2019-01-02,29.604,17.104,40,,23.354,2.6319
844,2019-01-03,31.25,18.75,40,,25.0,2.5508
845,2019-01-04,28.683,18.683,40,,23.683,2.6668
846,2019-01-07,29.839,14.839,40,,22.339,2.6969
847,2019-01-08,31.17,16.17,40,,23.67,2.7289
848,2019-01-09,31.17,16.17,40,,23.67,2.7109
849,2019-01-10,29.932,17.432,40,,23.682,2.7448
850,2019-01-11,29.922,17.422,40,,23.672,2.698
851,2019-01-14,29.935,17.435,40,,23.685,2.7051
852,2019-01-15,28.677,18.677,40,,23.677,2.7175
853,2019-01-16,28.26,15.76,40,,22.01,2.7263
854,2019-01-17,27.01,17.01,40,,22.01,2.7495
855,2019-01-18,27.007,17.007,40,,22.007,2.7869
856,2019-01-22,29.933,17.433,40,,23.683,2.74005
857,2019-01-23,28.677,18.677,40,,23.677,2.7489
858,2019-01-24,27.673,19.673,40,,23.673,2.7148
859,2019-01-25,29.933,17.433,40,,23.683,2.7576
860,2019-01-28,29.523,14.523,40,,22.023,2.7467
861,2019-01-29,29.512,14.512,40,,22.012,2.7089
862,2019-01-30,28.266,15.766,40,,22.016,2.6766
863,2019-01-31,28.26,15.76,40,,22.01,2.6319
864,2019-02-01,28.634,16.134,40,,22.384,2.6833
865,2019-02-04,29.886,14.886,40,,22.386,2.7244
866,2019-02-05,28.625,16.125,40,,22.375,2.7028
867,2019-02-06,27.381,17.381,40,,22.381,2.6991
868,2019-02-07,31.508,16.508,40,,24.008,2.6563
869,2019-02-08,29.018,19.018,40,,24.018,2.633
870,2019-02-11,28.647,16.147,40,,22.397,2.6527
871,2019-02-12,27.672,17.672,40,,22.672,2.685
872,2019-02-13,29.594,17.094,40,,23.344,2.7084
873,2019-02-14,26.706,16.706,40,,21.706,2.6545
874,2019-02-15,30.167,15.167,40,,22.667,2.6635
875,2019-02-20,26.706,16.706,40,,21.706,2.6474
876,2019-02-21,29.833,12.833,40,,21.333,2.6941
877,2019-02-22,26.464,12.964,40,,19.714,2.65275
878,2019-02-28,27.211,12.211,40,,19.711,2.7159
879,2019-03-01,25.963,13.463,40,,19.713,2.7576
880,2019-03-04,27.215,12.215,40,,19.715,2.7232
881,2019-03-05,25.968,13.468,40,,19.718,2.7178
882,2019-03-06,24.714,14.714,40,,19.714,2.69245
883,2019-03-07,24.717,14.717,40,,19.717,2.6402
884,2019-03-08,27.218,12.218,40,,19.718,2.6294
885,2019-03-11,25.976,13.476,40,,19.726,2.6402
886,2019-03-12,27.212,12.212,40,,19.712,2.5988
887,2019-03-13,27.213,12.213,40,,19.713,2.624
888,2019-03-14,27.212,12.212,40,,19.712,2.6294
889,2019-03-15,27.214,12.214,40,,19.714,2.5898
890,2019-03-18,27.217,12.217,40,,19.717,2.6042
891,2019-03-19,27.212,12.212,40,,19.712,2.6168
892,2019-03-20,27.803,15.303,40,,21.553,2.5236
893,2019-03-21,27.441,12.441,40,,19.941,2.5378
894,2019-03-25,27.148,12.148,40,,19.648,2.4045
895,2019-03-26,27.451,12.451,40,,19.951,2.4239
896,2019-03-27,26.338,13.838,40,,20.088,2.3797
897,2019-03-28,27.609,12.609,40,,20.109,2.3902
898,2019-03-29,27.582,12.582,40,,20.082,2.4059
899,2019-04-01,26.203,13.703,40,,19.953,2.5018
900,2019-04-02,27.446,12.446,40,,19.946,2.4715
901,2019-04-04,28.8,13.8,40,,21.3,2.5115
902,2019-04-05,27.577,15.077,40,,21.327,2.498
903,2019-04-08,28.793,13.793,40,,21.293,2.5195
904,2019-04-09,27.484,14.984,40,,21.234,2.5015
905,2019-04-10,27.507,15.007,40,,21.257,2.464
906,2019-04-11,27.511,15.011,40,,21.261,2.4979
907,2019-04-15,28.689,13.689,40,,21.189,2.5552
908,2019-04-16,27.498,14.998,40,,21.248,2.5913
909,2019-04-17,26.227,16.227,40,,21.227,2.5931
910,2019-04-22,28.728,13.728,40,,21.228,2.5858
911,2019-04-23,26.241,16.241,40,,21.241,2.5677
912,2019-04-24,28.756,13.756,40,,21.256,2.5172
913,2019-04-25,28.766,13.766,40,,21.266,2.5334
914,2019-04-26,27.483,14.983,40,,21.233,2.4991
915,2019-04-29,28.76,13.76,40,,21.26,2.5252
916,2019-04-30,28.736,13.736,40,,21.236,2.5027
917,2019-05-01,28.504,13.504,40,,21.004,2.5008
918,2019-05-02,27.224,14.724,40,,20.974,2.5441
919,2019-05-03,27.221,14.721,40,,20.971,2.52865
920,2019-05-06,27.259,14.759,40,,21.009,2.4989
921,2019-05-07,28.762,13.762,40,,21.262,2.4468
922,2019-05-08,27.524,15.024,40,,21.274,2.4844
923,2019-05-09,26.23,16.23,40,,21.23,2.45115
924,2019-05-13,28.767,13.767,40,,21.267,2.4024
925,2019-05-14,26.291,16.291,40,,21.291,2.413
926,2019-05-15,26.243,16.243,40,,21.243,2.3759
927,2019-05-16,26.269,16.269,40,,21.269,2.39355
928,2019-05-17,26.229,16.229,40,,21.229,2.3918
929,2019-05-20,26.268,16.268,40,,21.268,2.41835
930,2019-05-21,28.978,13.978,40,,21.478,2.42725
931,2019-05-22,28.98,13.98,40,,21.48,2.3794
932,2019-05-23,29.004,14.004,40,,21.504,2.32115
933,2019-05-24,29.409,14.409,40,,21.909,2.32285
934,2019-05-28,29.172,14.172,40,,21.672,2.26665
935,2019-05-29,28.188,15.688,40,,21.938,2.26135
936,2019-05-30,29.471,14.471,40,,21.971,2.2159
937,2019-05-31,28.252,15.752,40,,22.002,2.13235
938,2019-06-03,27.325,17.325,40,,22.325,2.07365
939,2019-06-04,27.334,17.334,40,,22.334,2.12015
940,2019-06-05,27.02,17.02,40,,22.02,2.13045
941,2019-06-06,27.273,17.273,40,,22.273,2.12
942,2019-06-07,29.705,14.705,40,,22.205,2.08355
943,2019-06-10,26.936,16.936,40,,21.936,2.14835
944,2019-06-11,29.107,14.107,40,,21.607,2.14395
945,2019-06-12,29.03,14.03,40,,21.53,2.12135
946,2019-06-13,29.012,14.012,40,,21.512,2.09185
947,2019-06-14,26.507,16.507,40,,21.507,2.083
948,2019-06-17,29.635,14.635,40,,22.135,2.08985
949,2019-06-18,28.659,13.659,40,,21.159,2.05695
950,2019-06-19,28.418,13.418,40,,20.918,2.0276
951,2019-06-20,25.609,15.609,40,,20.609,2.02235
952,2019-06-21,25.621,15.621,40,,20.621,2.05825
953,2019-06-24,28.037,13.037,40,,20.537,2.01685
954,2019-06-25,25.2,15.2,40,,20.2,1.98755
955,2019-06-26,24.444,17.444,40,,20.944,2.0494
956,2019-06-28,24.628,14.628,40,,19.628,2.00595
957,2019-07-09,24.521,14.521,40,,19.521,2.0709
958,2019-07-10,28.445,13.445,40,,20.945,2.0604
959,2019-07-11,26.239,16.239,40,,21.239,2.1422
960,2019-07-15,24.652,14.652,40,,19.652,2.08955
961,2019-07-16,28.414,13.414,40,,20.914,2.1052
962,2019-07-17,26.229,16.229,40,,21.229,2.0425
963,2019-07-18,27.432,12.432,40,,19.932,2.02505
964,2019-07-19,29.249,14.249,40,,21.749,2.05605
965,2019-07-22,25.758,15.758,40,,20.758,2.04905
966,2019-07-23,29.429,14.429,40,,21.929,2.0768
967,2019-07-24,25.972,15.972,40,,20.972,2.04885
968,2019-07-26,25.73,15.73,40,,20.73,2.07295
969,2019-07-29,24.656,14.656,40,,19.656,2.0624
970,2019-07-30,24.411,14.411,40,,19.411,2.05885
971,2019-07-31,23.918,13.918,40,,18.918,2.0066
972,2019-08-06,27.747,12.747,40,,20.247,1.71495
973,2019-08-07,25.314,15.314,40,,20.314,1.71985
974,2019-08-08,25.331,15.331,40,,20.331,1.71805
975,2019-08-09,25.334,15.334,40,,20.334,1.74295
976,2019-08-12,25.34,15.34,40,,20.34,1.63945
977,2019-08-14,25.388,15.388,40,,20.388,1.58175
978,2019-08-15,26.791,16.791,40,,21.791,1.5
979,2019-08-16,27.266,17.266,40,,22.266,1.56145
980,2019-08-19,27.324,17.324,40,,22.324,1.60715
981,2019-08-20,27.017,17.017,40,,22.017,1.55125
982,2019-08-21,27.009,17.009,40,,22.009,1.59015
983,2019-08-22,26.689,16.689,40,,21.689,1.61225
984,2019-08-26,26.18,16.18,40,,21.18,1.53755
985,2019-08-27,26.044,16.044,40,,21.044,1.47355
986,2019-08-28,26.015,16.015,40,,21.015,1.46685
987,2019-08-29,25.506,15.506,40,,20.506,1.4945
988,2019-08-30,25.378,15.378,40,,20.378,1.49855
989,2019-09-03,25.34,15.34,40,,20.34,1.46155
990,2019-09-04,24.714,14.714,40,,19.714,1.46985
991,2019-09-05,25.182,15.182,40,,20.182,1.56445
992,2019-09-06,27.643,12.643,40,,20.143,1.55935
993,2019-09-09,27.786,12.786,40,,20.286,1.64635
994,2019-09-10,27.822,12.822,40,,20.322,1.74285
995,2019-09-11,26.58,14.08,40,,20.33,1.7446
996,2019-09-12,25.335,15.335,40,,20.335,1.7776
997,2019-09-13,27.833,12.833,40,,20.333,1.9002
998,2019-09-16,26.588,14.088,40,,20.338,1.8423
999,2019-09-17,27.833,12.833,40,,20.333,1.80915
1000,2019-09-18,26.587,14.087,40,,20.337,1.79875
1001,2019-09-23,24.97,14.97,40,,19.97,1.7224
1002,2019-09-25,25.398,15.398,40,,20.398,1.7363
1003,2019-09-27,25.363,15.363,40,,20.363,1.68615
1004,2019-09-30,25.301,15.301,40,,20.301,1.66715
1005,2019-10-02,25.383,15.383,40,,20.383,1.60005
1006,2019-10-03,25.596,15.596,40,,20.596,1.53325
1007,2019-10-07,25.633,15.633,40,,20.633,1.56395
1008,2019-10-16,25.152,15.152,40,,20.152,1.74385
1009,2019-10-17,25.179,15.179,40,,20.179,1.74915
1010,2019-10-23,24.474,14.474,40,,19.474,1.76685
1011,2019-10-24,24.452,14.452,40,,19.452,1.7704
1012,2019-10-28,24.229,14.229,40,,19.229,1.8446
1013,2019-10-29,24.185,14.185,40,,19.185,1.8358
1014,2019-10-30,24.208,14.208,40,,19.208,1.77415
1015,2019-10-31,24.231,14.231,40,,19.231,1.68665
1016,2019-11-01,25.827,15.827,40,,20.827,1.7129
1017,2019-11-04,20.96,19.96,40,,20.46,1.7796
1018,2019-11-06,25.466,15.466,40,,20.466,1.8292
1019,2019-11-08,25.465,15.465,40,,20.465,1.94425
1020,2019-11-12,26.294,16.294,40,,21.294,1.92685
1021,2019-11-13,26.303,16.303,40,,21.303,1.89035
1022,2019-11-14,26.405,16.405,40,,21.405,1.82125
1023,2019-11-15,26.431,16.431,40,,21.431,1.83505
1024,2019-11-19,25.942,15.942,40,,20.942,1.78515
1025,2019-11-20,26.316,16.316,40,,21.316,1.7457
1026,2019-11-21,27.041,17.041,40,,22.041,1.77485
1027,2019-11-22,27.318,17.318,40,,22.318,1.76975
1028,2019-12-13,30.374,16.374,40,,23.374,1.82345
1029,2019-12-16,27.458,17.458,40,,22.458,1.87135
1030,2019-12-17,27.153,17.153,40,,22.153,1.874
1031,2019-12-18,27.051,17.051,40,,22.051,1.9213
1032,2020-01-02,27.046,17.046,40,,22.046,1.87625
1033,2020-01-03,26.756,16.756,40,,21.756,1.79245
1034,2020-01-06,26.632,16.632,40,,21.632,1.80815
1035,2020-01-07,26.555,16.555,40,,21.555,1.8099
1036,2020-01-08,26.527,16.527,40,,21.527,1.8729
1037,2020-01-09,26.514,16.514,40,,21.514,1.85365
1038,2020-01-10,26.511,16.511,40,,21.511,1.8187
1039,2020-01-13,26.524,16.524,40,,21.524,1.84675
1040,2020-01-14,26.51,16.51,40,,21.51,1.81175
1041,2020-01-15,23.011,20.011,40,,21.511,1.78555
1042,2020-01-17,22.697,20.697,40,,21.697,1.8241
1043,2020-01-21,26.751,16.751,40,,21.751,1.7734
1044,2020-01-22,26.642,16.642,40,,21.642,1.7682
1045,2020-01-23,25.055,15.055,40,,20.055,1.7299
1046,2020-01-24,24.195,14.195,40,,19.195,1.6848
1047,2020-01-27,24.135,14.135,40,,19.135,1.61235
1048,2020-01-28,24.774,14.774,40,,19.774,1.66055
1049,2020-01-31,24.231,14.231,40,,19.231,1.50425
1050,2020-02-03,24.409,14.409,40,,19.409,1.52465
1051,2020-02-04,24.447,14.447,40,,19.447,1.6017
1052,2020-02-06,25.353,15.353,40,,20.353,1.64305
1053,2020-02-10,25.436,15.436,40,,20.436,1.56195
1054,2020-02-28,26.713,16.713,40,,21.713,1.1625
1055,2020-03-02,26.762,16.762,40,,21.762,1.15095
1056,2020-03-11,45.156,5.156,40,,25.156,0.8751
1057,2020-03-12,31.161,21.161,40,,26.161,0.80975
1058,2020-03-16,33.831,23.831,40,,28.831000000000003,0.7355
1059,2020-03-17,41.596,16.596,40,,29.095999999999997,1.06615
1060,2020-03-18,34.745,24.745,40,,29.744999999999997,1.17835
1061,2020-03-20,36.944,26.944,40,,31.944000000000003,0.8813
1062,2020-03-23,34.532,24.532,40,,29.531999999999996,0.75865
1063,2020-03-24,36.845,26.845,40,,31.845,0.8554
1064,2020-03-25,33.821,31.821,40,,32.821,0.8656
1065,2020-03-30,36.306,26.306,40,,31.305999999999997,0.72405
1066,2020-03-31,35.862,25.862,40,,30.862000000000002,0.66635
1067,2020-04-02,35.612,25.612,40,,30.612000000000002,0.6095
1068,2020-04-03,35.502,25.502,40,,30.502000000000002,0.59865
1069,2020-04-08,34.238,24.238,40,,29.238,0.76985
1070,2020-04-09,34.268,24.268,40,,29.268,0.727
1071,2020-04-13,34.66,24.66,40,,29.659999999999997,0.7689
1072,2020-04-15,34.449,24.449,40,,29.448999999999998,0.634
1073,2020-04-16,34.155,24.155,40,,29.155,0.6165
1074,2020-04-17,34.434,24.434,40,,29.433999999999997,0.64095
1075,2020-04-20,34.635,24.635,40,,29.634999999999998,0.61555
1076,2020-04-21,34.753,24.753,40,,29.753,0.56435
1077,2020-04-22,34.838,24.838,40,,29.838,0.6167
1078,2020-04-23,34.892,24.892,40,,29.892000000000003,0.6023
1079,2020-04-24,34.931,24.931,40,,29.930999999999997,0.60395
1080,2020-04-27,34.967,24.967,40,,29.967,0.6629
1081,2020-04-28,34.97,24.97,40,,29.97,0.6153
1082,2020-04-30,34.581,24.581,40,,29.581000000000003,0.6448
1083,2020-05-01,34.31,24.31,40,,29.310000000000002,0.6173
1084,2020-05-04,34.554,24.554,40,,29.554000000000002,0.6297
1085,2020-05-05,34.698,24.698,40,,29.698,0.6611
1086,2020-05-06,34.8,24.8,40,,29.799999999999997,0.7086
1087,2020-05-07,34.869,24.869,40,,29.869,0.6385
1088,2020-05-08,34.919,24.919,40,,29.918999999999997,0.6839
1089,2020-05-11,32.955,26.955,40,,29.955,0.70595
1090,2020-05-12,32.628,25.128,40,,28.878,0.6659
1091,2020-05-13,33.856,23.856,40,,28.856,0.6533
1092,2020-05-14,34.23,24.23,40,,29.229999999999997,0.6161
1093,2020-05-18,34.122,24.122,40,,29.122,0.7249
1094,2020-05-19,33.856,23.856,40,,28.856,0.6907
1095,2020-05-20,34.244,24.244,40,,29.244,0.6891
1096,2020-05-21,34.496,24.496,40,,29.496000000000002,0.6793
1097,2020-05-22,34.666,24.666,40,,29.665999999999997,0.6566
1098,2020-05-26,34.379,24.379,40,,29.378999999999998,0.69405
1099,2020-05-27,34.121,24.121,40,,29.121000000000002,0.6941
1100,2020-05-28,34.328,24.328,40,,29.328000000000003,0.69575
1101,2020-05-29,34.513,24.513,40,,29.512999999999998,0.6518
1102,2020-06-01,34.67,24.67,40,,29.67,0.66645
1103,2020-06-02,34.757,24.757,40,,29.756999999999998,0.686
1104,2020-06-03,34.826,24.826,40,,29.826,0.745
1105,2020-06-04,34.875,24.875,40,,29.875,0.82425
1106,2020-06-05,34.913,24.913,40,,29.912999999999997,0.89265
1107,2020-06-08,34.958,24.958,40,,29.958,0.87765
1108,2020-06-09,34.971,24.971,40,,29.970999999999997,0.82285
1109,2020-06-10,34.709,24.709,40,,29.709000000000003,0.73535
1110,2020-06-11,34.633,24.633,40,,29.633000000000003,0.6649
1111,2020-06-12,34.56,24.56,40,,29.560000000000002,0.7092
1112,2020-06-15,34.539,24.54,40,,29.5395,0.71905
1113,2020-06-16,34.53,24.53,40,,29.53,0.74045
1114,2020-06-17,34.521,24.521,40,,29.521,0.73225
1115,2020-06-18,34.515,24.515,40,,29.515,0.706
1116,2020-06-19,34.515,24.515,40,,29.515,0.6929
1117,2020-06-22,34.371,24.371,40,,29.371000000000002,0.70935
1118,2020-06-24,34.317,24.317,40,,29.317,0.6782
1119,2020-06-25,42.166,16.666,40,,29.415999999999997,0.68145
1120,2020-06-26,34.441,24.441,40,,29.441000000000003,0.6389
1121,2020-06-29,34.555,24.555,40,,29.555,0.6258
1122,2020-06-30,34.41,24.41,40,,29.409999999999997,0.6569
1123,2020-07-01,34.578,24.578,40,,29.578000000000003,0.675
1124,2020-07-02,34.539,24.539,40,,29.539,0.66845
1125,2020-07-06,34.437,24.437,40,,29.436999999999998,0.67585
1126,2020-07-07,34.422,24.422,40,,29.421999999999997,0.6389
1127,2020-07-08,34.418,24.418,40,,29.418,0.6652
1128,2020-07-09,34.416,24.416,40,,29.415999999999997,0.6127
1129,2020-07-10,34.58,24.58,40,,29.58,0.6414
1130,2020-07-13,34.589,24.589,40,,29.589,0.6176
1131,2020-07-14,34.675,24.675,40,,29.674999999999997,0.6242
1132,2020-07-15,34.745,24.745,40,,29.744999999999997,0.63155
1133,2020-07-16,34.78,24.781,40,,29.7805,0.6176
1134,2020-07-17,34.785,24.785,40,,29.784999999999997,0.6225
1135,2020-07-20,34.81,24.81,40,,29.810000000000002,0.6127
1136,2020-07-21,34.791,24.791,40,,29.790999999999997,0.60445
1137,2020-07-22,34.785,24.785,40,,29.784999999999997,0.59955
1138,2020-07-23,34.794,24.794,40,,29.793999999999997,0.5766
1139,2020-07-24,34.791,24.791,40,,29.790999999999997,0.5864
1140,2020-07-27,34.802,24.803,40,,29.802500000000002,0.6143
1141,2020-07-28,34.792,24.792,40,,29.792,0.57815
1142,2020-07-29,34.792,24.792,40,,29.792,0.5765
1143,2020-07-30,34.792,24.792,40,,29.792,0.54375
1144,2020-07-31,34.799,24.799,40,,29.799,0.53225
1145,2020-08-03,34.808,24.808,40,,29.808,0.5535
1146,2020-08-04,34.798,24.798,40,,29.798000000000002,0.511
1147,2020-08-05,34.799,24.799,40,,29.799,0.54855
1148,2020-08-06,34.794,24.794,40,,29.793999999999997,0.53705
1149,2020-08-10,34.891,24.891,40,,29.891,0.57965
1150,2020-08-11,34.898,24.898,40,,29.898000000000003,0.64235
1151,2020-08-12,34.899,24.9,40,,29.8995,0.67225
1152,2020-08-13,34.899,24.899,40,,29.899,0.7167
1153,2020-08-14,34.903,24.903,40,,29.903,0.70855
1154,2020-08-17,34.913,24.913,40,,29.912999999999997,0.69065
1155,2020-08-18,34.91,24.91,40,,29.909999999999997,0.66955
1156,2020-08-19,34.909,24.909,40,,29.909,0.6842
1157,2020-08-20,34.907,24.907,40,,29.906999999999996,0.6517
1158,2020-08-21,34.907,24.907,40,,29.906999999999996,0.6355
1159,2020-08-24,34.911,24.911,40,,29.911,0.65335
1160,2020-08-25,34.908,24.908,40,,29.908,0.6875
1161,2020-08-26,34.902,24.902,40,,29.902,0.68755
1162,2020-08-27,34.902,24.902,40,,29.902,0.75215
1163,2020-08-28,34.901,24.901,40,,29.901000000000003,0.7236
1164,2020-08-31,34.926,24.926,40,,29.926000000000002,0.7056
1165,2020-09-01,34.905,24.905,40,,29.905,0.6713
1166,2020-09-02,34.906,24.906,40,,29.906,0.6469
1167,2020-09-03,34.901,24.901,40,,29.901000000000003,0.63555
1168,2020-09-09,34.884,24.884,40,,29.884,0.6976
1169,2020-09-10,34.897,24.897,40,,29.897,0.68125
1170,2020-09-11,34.903,24.903,40,,29.903,0.6682
1171,2020-09-14,34.91,24.91,40,,29.909999999999997,0.67475
1172,2020-09-15,34.908,24.908,40,,29.908,0.6797
1173,2020-09-16,34.906,24.906,40,,29.906,0.6977
1174,2020-09-17,34.908,24.908,40,,29.908,0.6879
1175,2020-09-18,34.92,24.92,40,,29.92,0.69615
1176,2020-09-21,36.8,26.8,40,,31.799999999999997,0.6683
1177,2020-09-22,35.171,25.171,40,,30.171,0.66995
1178,2020-09-23,34.837,24.837,40,,29.837000000000003,0.6757
1179,2020-09-24,34.687,24.687,40,,29.686999999999998,0.66585
1180,2020-09-25,34.603,24.603,40,,29.603,0.65525
1181,2020-09-28,35.776,25.776,40,,30.776000000000003,0.6569
1182,2020-09-29,34.835,24.835,40,,29.835,0.65035
1183,2020-09-30,36.157,26.157,40,,31.156999999999996,0.68485
1184,2020-10-01,36.664,26.664,40,,31.664,0.67825
1185,2020-10-02,37.063,27.063,40,,32.063,0.703
1186,2020-10-05,37.418,27.418,40,,32.418,0.77755
1187,2020-10-06,37.551,27.551,40,,32.551,0.7328
1188,2020-10-07,37.68,27.68,40,,32.68,0.78265
1189,2020-10-08,36.328,28.828,40,,32.578,0.7777
1190,2020-10-09,36.295,28.795,40,,32.545,0.77785
1191,2020-10-13,37.491,27.491,40,,32.491,0.72805
1192,2020-10-14,38.083,23.083,40,,30.583,0.7264
1193,2020-10-15,35.643,20.643,40,,28.143,0.73805
1194,2020-10-16,36.982,21.982,40,,29.482,0.7481
1195,2020-10-19,38.794,23.794,40,,31.293999999999997,0.77145
1196,2020-10-20,41.687,21.687,40,,31.686999999999998,0.78485
1197,2020-10-21,39.558,24.558,40,,32.058,0.82005
1198,2020-10-22,39.753,24.753,40,,32.253,0.86045
1199,2020-10-23,39.858,24.858,40,,32.358,0.84045
1200,2020-10-26,37.444,27.444,40,,32.444,0.80185
1201,2020-10-27,39.962,24.962,40,,32.462,0.7701
1202,2020-10-28,41.884,21.884,40,,31.884,0.7735
1203,2020-10-29,41.413,21.413,40,,31.412999999999997,0.83055
1204,2020-10-30,41.312,21.312,40,,31.311999999999998,0.87285
1205,2020-11-02,36.197,26.197,40,,31.197000000000003,0.851
1206,2020-11-03,41.11,21.11,40,,31.11,0.89505
1207,2020-11-04,40.831,20.831,40,,30.831000000000003,0.77045
1208,2020-11-05,38.506,18.506,40,,28.506,0.76545
1209,2020-11-06,37.066,17.066,40,,27.066000000000003,0.8193
1210,2020-11-09,38.096,18.096,40,,28.095999999999997,0.92265
1211,2020-11-10,37.722,17.722,40,,27.722,0.95865
1212,2020-11-12,36.954,16.954,40,,26.954,0.88235
1213,2020-11-13,36.741,16.741,40,,26.741,0.8971
1214,2020-11-16,37.027,17.027,40,,27.027,0.91025
1215,2020-11-17,37.186,17.186,40,,27.186,0.8611
1216,2020-11-18,37.042,17.042,40,,27.042,0.8693
1217,2020-11-19,36.957,16.957,40,,26.957,0.8415
1218,2020-11-20,36.91,16.91,40,,26.909999999999997,0.8235
1219,2020-11-23,37.14,17.14,40,,27.14,0.8578
1220,2020-11-24,37.241,17.241,40,,27.241,0.884
1221,2020-11-25,37.071,17.071,40,,27.070999999999998,0.88075
1222,2020-11-30,36.49,16.49,40,,26.490000000000002,0.8414
1223,2020-12-01,37.542,17.542,40,,27.542,0.9285
1224,2020-12-02,37.794,17.794,40,,27.793999999999997,0.9368
1225,2020-12-03,38.464,18.464,40,,28.464,0.9104
1226,2020-12-04,38.69,18.69,40,,28.689999999999998,0.9717
1227,2020-12-07,38.82,18.82,40,,28.82,0.92695
1228,2020-12-08,39.209,19.209,40,,29.209000000000003,0.92035
1229,2020-12-09,40.018,20.018,40,,30.018,0.9369
1230,2020-12-10,40.37,20.37,40,,30.369999999999997,0.9055
1231,2020-12-11,40.671,20.671,40,,30.671,0.8956
1232,2020-12-14,41.094,21.094,40,,31.094,0.89725
1233,2020-12-15,40.907,20.907,40,,30.906999999999996,0.9105
1234,2020-12-16,40.949,20.949,40,,30.948999999999998,0.9188
1235,2020-12-17,40.967,20.967,40,,30.967,0.93375
1236,2020-12-18,40.986,20.986,40,,30.985999999999997,0.94375
1237,2020-12-21,41.004,21.004,40,,31.003999999999998,0.9371
1238,2020-12-22,40.99,20.99,40,,30.990000000000002,0.9205
1239,2020-12-23,40.997,20.997,40,,30.997,0.9438
1240,2020-12-24,39.336,19.336,40,,29.336,0.92555
1241,2020-12-28,39.792,19.792,40,,29.792,0.92225
1242,2020-12-29,39.633,19.633,40,,29.633000000000003,0.9389
1243,2020-12-30,39.757,19.757,40,,29.756999999999998,0.9256
1244,2020-12-31,39.841,19.841,40,,29.841,0.91565
1245,2021-01-05,38.967,18.967,40,,28.967,0.95405
1246,2021-01-06,39.242,19.242,40,,29.241999999999997,1.03805
1247,2021-01-07,39.495,19.495,40,,29.494999999999997,1.08035
1248,2021-01-08,39.665,19.665,40,,29.665,1.11785
1249,2021-01-11,39.79,19.79,40,,29.79,1.14345
1250,2021-01-12,39.854,19.855,40,,29.8545,1.1282
1251,2021-01-13,39.905,19.905,40,,29.905,1.09085
1252,2021-01-14,39.941,19.941,40,,29.941000000000003,1.12835
1253,2021-01-15,39.721,19.721,40,,29.720999999999997,1.08605
1254,2021-01-19,39.556,19.556,40,,29.555999999999997,1.09115
1255,2021-01-20,39.503,19.503,40,,29.503,1.07595
1256,2021-01-21,39.501,19.501,40,,29.500999999999998,1.10835
1257,2021-01-22,39.507,19.507,40,,29.506999999999998,1.08465
1258,2021-01-25,39.525,19.525,40,,29.525,1.03205
1259,2021-01-26,39.51,19.51,40,,29.509999999999998,1.03215
1260,2021-01-27,39.508,19.508,40,,29.508000000000003,1.01185
1261,2021-01-28,36.322,16.322,40,,26.322000000000003,1.05085
1262,2021-01-29,38.507,18.507,40,,28.506999999999998,1.06975
1263,2021-02-01,38.963,18.963,40,,28.963,1.07825
1264,2021-02-02,37.977,17.977,40,,27.976999999999997,1.09375
1265,2021-02-03,38.963,18.963,40,,28.963,1.1374
1266,2021-02-04,38.986,18.986,40,,28.985999999999997,1.13495
1267,2021-02-05,39.161,19.161,40,,29.161,1.16785
1268,2021-02-08,40.313,20.313,40,,30.313000000000002,1.1748
1269,2021-02-09,40.788,20.788,40,,30.787999999999997,1.15935
1270,2021-02-10,40.772,20.772,40,,30.772,1.12335
1271,2021-02-11,40.889,20.889,40,,30.889000000000003,1.164
1272,2021-02-12,40.942,20.942,40,,30.942,1.20905
1273,2021-02-16,36.994,16.994,40,,26.994,1.30985
1274,2021-02-17,39.659,19.659,40,,29.659,1.28125
1275,2021-02-18,40.059,20.059,40,,30.058999999999997,1.29645
1276,2021-02-19,40.525,20.525,40,,30.525,1.3389
1277,2021-02-22,40.479,20.479,40,,30.479,1.36785
1278,2021-02-23,40.736,20.736,40,,30.735999999999997,1.3424
1279,2021-02-24,40.34,20.34,40,,30.340000000000003,1.37135
1280,2021-02-25,40.331,20.331,40,,30.331000000000003,1.52855
1281,2021-02-26,39.911,19.911,40,,29.911,1.40575
1282,2021-03-01,40.012,20.012,40,,30.012,1.42465
1283,2021-03-02,39.78,19.78,40,,29.78,1.39735
1284,2021-03-03,39.973,19.973,40,,29.973,1.48335
1285,2021-03-04,39.956,19.956,40,,29.956000000000003,1.5562
1286,2021-03-05,39.977,19.977,40,,29.976999999999997,1.5757
1287,2021-03-08,35.503,24.503,40,,30.003,1.60205
1288,2021-03-12,39.99,19.99,40,,29.990000000000002,1.6238
1289,2021-03-15,39.783,19.783,40,,29.783,1.60555
1290,2021-03-16,39.974,19.974,40,,29.973999999999997,1.62055
1291,2021-03-17,39.982,19.982,40,,29.982,1.6453
1292,2021-03-18,40.262,20.262,40,,30.262,1.7055
1293,2021-03-19,40.205,20.205,40,,30.205,1.729
1294,2021-03-22,41.139,21.139,40,,31.139000000000003,1.6937
1295,2021-03-23,40.536,20.536,40,,30.536,1.62145
1296,2021-03-24,40.509,20.509,40,,30.509,1.6128
1297,2021-03-25,40.49,20.49,40,,30.490000000000002,1.6323
1298,2021-03-26,40.486,20.486,40,,30.485999999999997,1.6733
1299,2021-03-29,40.314,20.314,40,,30.314,1.7161
1300,2021-03-30,40.25,20.25,40,,30.25,1.7082
1301,2021-03-31,40.25,20.251,40,,30.250500000000002,1.7431
1302,2021-04-01,40.232,20.232,40,,30.232,1.6726
1303,2021-04-02,40.247,20.247,40,,30.247,1.692
1304,2021-04-05,40.322,20.322,40,,30.322000000000003,1.7065
1305,2021-04-06,40.293,20.293,40,,30.293,1.6569
1306,2021-04-07,40.332,20.332,40,,30.332,1.6783
1307,2021-04-08,40.334,20.334,40,,30.334000000000003,1.6253
1308,2021-04-09,40.271,20.271,40,,30.271,1.66115
1309,2021-04-12,40.329,20.329,40,,30.329,1.6684
1310,2021-04-13,40.256,20.256,40,,30.256,1.6189
1311,2021-04-14,40.257,20.257,40,,30.256999999999998,1.6332
1312,2021-04-15,40.304,20.304,40,,30.304000000000002,1.5733
1313,2021-04-16,40.265,20.265,40,,30.265,1.5895
1314,2021-04-19,40.242,20.242,40,,30.241999999999997,1.6091
1315,2021-04-20,40.255,20.255,40,,30.255000000000003,1.5651
1316,2021-04-21,40.3,20.3,40,,30.299999999999997,1.55815
1317,2021-04-22,40.251,20.251,40,,30.250999999999998,1.5407
1318,2021-04-23,40.246,20.246,40,,30.246000000000002,1.5586
1319,2021-04-26,40.246,20.246,40,,30.246000000000002,1.56755
1320,2021-04-27,40.702,20.702,40,,30.701999999999998,1.6243
1321,2021-04-28,40.56,20.56,40,,30.560000000000002,1.60935
1322,2021-04-29,40.56,20.56,40,,30.560000000000002,1.6406
1323,2021-04-30,40.818,20.818,40,,30.817999999999998,1.625
1324,2021-05-03,40.81,20.81,40,,30.810000000000002,1.5985
1325,2021-05-04,40.553,20.553,40,,30.552999999999997,1.58975
1326,2021-05-05,40.818,20.818,40,,30.817999999999998,1.5704
1327,2021-05-06,40.567,20.568,40,,30.567500000000003,1.56875
1328,2021-05-07,40.818,20.818,40,,30.817999999999998,1.57795
1329,2021-05-10,40.574,20.574,40,,30.573999999999998,1.6029
1330,2021-05-11,41.066,21.066,40,,31.066000000000003,1.6208
1331,2021-05-12,40.804,20.804,40,,30.804000000000002,1.6925
1332,2021-05-13,40.718,20.718,40,,30.718000000000004,1.65825
1333,2021-05-14,40.759,20.759,40,,30.759,1.63435
1334,2021-05-17,40.747,20.747,40,,30.747,1.65135
1335,2021-05-18,39.741,19.741,40,,29.741,1.63945
1336,2021-05-19,37.905,17.905,40,,27.905,1.67535
1337,2021-05-20,37.108,17.108,40,,27.107999999999997,1.62755
1338,2021-05-21,36.265,16.265,40,,26.265,1.6216
1339,2021-05-24,35.628,15.628,40,,25.628,1.60205
1340,2021-05-25,35.168,15.168,40,,25.168,1.55955
1341,2021-05-26,35.558,15.558,40,,25.558,1.57995
1342,2021-05-27,35.662,15.662,40,,25.662,1.60535
1343,2021-05-28,35.723,15.723,40,,25.723,1.57985
1344,2021-06-01,35.699,15.699,40,,25.698999999999998,1.60535
1345,2021-06-02,35.791,15.791,40,,25.790999999999997,1.58835
1346,2021-06-03,35.797,15.797,40,,25.796999999999997,1.62415
1347,2021-06-04,35.785,15.785,40,,25.784999999999997,1.55595
1348,2021-06-07,35.526,15.526,40,,25.526000000000003,1.56785
1349,2021-06-08,35.653,15.653,40,,25.653,1.53725
1350,2021-06-09,35.655,15.655,40,,25.655,1.4916
1351,2021-06-10,35.657,15.657,40,,25.656999999999996,1.43605
1352,2021-06-11,35.653,15.653,40,,25.653,1.45265
1353,2021-06-14,35.37,15.37,40,,25.369999999999997,1.49645
1354,2021-06-15,35.483,15.483,40,,25.482999999999997,1.48805
1355,2021-06-16,35.485,15.485,40,,25.485,1.5788
1356,2021-06-17,35.461,15.461,40,,25.461,1.50995
1357,2021-06-18,35.465,15.465,40,,25.465000000000003,1.44225
1358,2021-06-21,35.148,15.148,40,,25.148000000000003,1.4954
1359,2021-06-22,35.393,15.393,40,,25.393,1.46575
1360,2021-06-23,35.433,15.433,40,,25.433,1.48435
1361,2021-06-24,35.434,15.434,40,,25.433999999999997,1.49785
1362,2021-06-25,35.436,15.436,40,,25.436,1.52325
1363,2021-06-28,35.155,15.155,40,,25.155,1.48075
1364,2021-06-30,35.433,15.433,40,,25.433,1.46715
1365,2021-07-06,35.472,15.472,40,,25.472,1.35065
1366,2021-07-07,35.595,15.595,40,,25.595,1.3221
1367,2021-07-08,36.138,16.138,40,,26.137999999999998,1.29365
1368,2021-07-09,35.993,15.993,40,,25.993000000000002,1.36035
1369,2021-07-12,35.882,15.882,40,,25.881999999999998,1.367
1370,2021-07-13,35.852,15.852,40,,25.851999999999997,1.41745
1371,2021-07-14,35.816,15.816,40,,25.816000000000003,1.34835
1372,2021-07-15,35.809,15.809,40,,25.808999999999997,1.29975
1373,2021-07-16,35.806,15.806,40,,25.805999999999997,1.2995
1374,2021-07-19,35.81,15.81,40,,25.810000000000002,1.19705
1375,2021-07-20,35.835,15.835,40,,25.835,1.221
1376,2021-07-21,35.809,15.809,40,,25.808999999999997,1.29085
1377,2021-07-22,35.803,15.803,40,,25.802999999999997,1.27575
1378,2021-07-23,35.807,15.807,40,,25.807000000000002,1.2805
1379,2021-07-26,35.033,15.033,40,,25.033,1.2938
1380,2021-07-27,35.017,15.017,40,,25.017000000000003,1.2386
1381,2021-07-28,35.014,15.014,40,,25.014000000000003,1.236
1382,2021-07-29,34.624,14.624,40,,24.624000000000002,1.2651
1383,2021-07-30,34.835,14.835,40,,24.835,1.22475
1384,2021-08-02,34.818,14.818,40,,24.817999999999998,1.1781
1385,2021-08-06,34.866,14.866,40,,24.866,1.30445
1386,2021-08-09,34.526,14.526,40,,24.526000000000003,1.32455
1387,2021-08-10,34.998,14.998,40,,24.997999999999998,1.35325
1388,2021-08-11,34.792,14.792,40,,24.792,1.33455
1389,2021-08-12,35.141,15.141,40,,25.141,1.35985
1390,2021-08-13,34.92,14.92,40,,24.92,1.28255
1391,2021-08-16,35.217,15.217,40,,25.217,1.2667
1392,2021-08-17,34.963,14.963,40,,24.963,1.26585
1393,2021-08-18,35.216,15.216,40,,25.216,1.25915
1394,2021-08-19,35.02,15.02,40,,25.020000000000003,1.2425
1395,2021-08-20,35.319,15.319,40,,25.319000000000003,1.25415
1396,2021-08-23,35.039,15.039,40,,25.039,1.2525
1397,2021-08-24,34.878,14.878,40,,24.878,1.29605
1398,2021-08-25,35.196,15.196,40,,25.195999999999998,1.34825
1399,2021-08-31,34.903,14.903,40,,24.903,1.30625
1400,2021-09-02,34.898,14.898,40,,24.898000000000003,1.28435
1401,2021-09-03,34.892,14.892,40,,24.892000000000003,1.32485
1402,2021-09-07,34.908,14.908,40,,24.908,1.37575
1403,2021-09-09,34.905,14.905,40,,24.905,1.29625
1404,2021-09-10,34.906,14.906,40,,24.906,1.34195
1405,2021-09-13,34.919,14.919,40,,24.918999999999997,1.32505
1406,2021-09-14,34.71,14.71,40,,24.71,1.2828
1407,2021-09-15,34.666,14.666,40,,24.665999999999997,1.30305
1408,2021-09-16,34.585,14.585,40,,24.585,1.33525
1409,2021-09-17,34.542,14.542,40,,24.542,1.36245
1410,2021-09-20,34.763,14.763,40,,24.762999999999998,1.31155
1411,2021-09-21,34.783,14.783,40,,24.783,1.32685
1412,2021-09-22,34.721,14.721,40,,24.720999999999997,1.30315
1413,2021-09-23,34.696,14.696,40,,24.695999999999998,1.43445
1414,2021-09-24,32.901,15.401,40,,24.151000000000003,1.45175
1415,2021-09-27,32.724,15.224,40,,23.973999999999997,1.48975
1416,2021-09-28,32.665,15.165,40,,23.915,1.54525
1417,2021-09-29,33.901,13.901,40,,23.901000000000003,1.52275
1418,2021-09-30,33.906,13.906,40,,23.906,1.49165
1419,2021-10-04,33.905,13.905,40,,23.905,1.47975
1420,2021-10-05,33.895,13.895,40,,23.895000000000003,1.52665
1421,2021-10-06,33.883,13.883,40,,23.883000000000003,1.5267
1422,2021-10-07,33.391,13.391,40,,23.391,1.57555
1423,2021-10-12,32.996,12.996,40,,22.996000000000002,1.57075
1424,2021-10-13,33.07,13.07,40,,23.07,1.54025
1425,2021-10-14,33.272,13.272,40,,23.272,1.5151
1426,2021-10-15,33.43,13.43,40,,23.43,1.5729
1427,2021-10-18,33.549,13.549,40,,23.549,1.59005
1428,2021-10-19,33.819,13.819,40,,23.819000000000003,1.64025
1429,2021-10-20,33.875,13.875,40,,23.875,1.65935
1430,2021-10-21,33.897,13.897,40,,23.897,1.6949
1431,2021-10-22,33.9,13.9,40,,23.9,1.6368
1432,2021-10-25,33.922,13.922,40,,23.921999999999997,1.6316
1433,2021-10-26,33.914,13.914,40,,23.914,1.60925
1434,2021-10-27,33.907,13.907,40,,23.906999999999996,1.54965
1435,2021-10-28,33.914,13.914,40,,23.914,1.57645
1436,2021-10-29,33.91,13.91,40,,23.909999999999997,1.55915
1437,2021-11-02,33.847,13.847,40,,23.847,1.54615
1438,2021-11-19,33.729,13.729,40,,23.729,1.54705
1439,2021-11-22,33.635,13.635,40,,23.634999999999998,1.63135
1440,2021-11-23,33.665,13.665,40,,23.665,1.67465
1441,2021-12-13,34.119,14.119,40,,24.119,1.41305
1442,2021-12-14,34.263,14.263,40,,24.262999999999998,1.44025
1443,2021-12-15,34.329,14.329,40,,24.329,1.45735
1444,2021-12-20,34.242,14.242,40,,24.241999999999997,1.42675
1445,2021-12-21,34.316,14.316,40,,24.316000000000003,1.46595
1446,2021-12-22,34.323,14.323,40,,24.323,1.45235
1447,2021-12-23,34.366,14.366,40,,24.366,1.49175
1448,2022-01-24,27.879,7.879,40,,17.879,1.77505
1449,2022-01-25,29.318,9.318,40,,19.318,1.77425
1450,2022-01-26,28.136,8.136,40,,18.136,1.8718
1451,2022-01-27,28.867,8.867,40,,18.867,1.8021
1452,2022-01-28,28.309,8.309,40,,18.309,1.7775
1453,2022-02-04,30.258,10.258,40,,20.258,1.9148
1454,2022-02-07,31.012,11.012,40,,21.012,1.9186
1455,2022-02-08,30.575,10.575,40,,20.575,1.9641
1456,2022-02-22,34.418,14.418,40,,24.418,1.94335
1457,2022-02-23,35.605,15.605,40,,25.604999999999997,1.9973
1458,2022-02-24,34.716,14.716,40,,24.716,1.96945
1459,2022-02-25,34.306,14.306,40,,24.305999999999997,1.9695
1460,2022-02-28,33.61,13.61,40,,23.61,1.82075
1461,2022-03-01,33.38,13.38,40,,23.380000000000003,1.7139
1462,2022-03-07,35.093,15.093,40,,25.093000000000004,1.7751
1463,2022-03-08,34.721,14.721,40,,24.720999999999997,1.83955
1464,2022-03-21,35.415,15.415,40,,25.415,2.296
1465,2022-03-22,35.897,15.897,40,,25.897,2.37975
1466,2022-03-23,35.399,15.399,40,,25.399,2.2889
1467,2022-03-24,35.395,15.395,40,,25.395000000000003,2.3681
1468,2022-03-25,35.232,15.232,40,,25.232,2.487
1469,2022-03-28,34.905,14.905,40,,24.905,2.46405
1470,2022-03-29,34.57,14.57,40,,24.57,2.3971
1471,2022-03-30,34.307,14.307,40,,24.307000000000002,2.35605
1472,2022-03-31,34.139,14.139,40,,24.139000000000003,2.3443
1473,2022-04-01,34.032,14.032,40,,24.031999999999996,2.3886
1474,2022-04-04,33.992,13.992,40,,23.991999999999997,2.3924
1475,2022-04-05,33.939,13.939,40,,23.939,2.5534
1476,2022-04-06,33.898,13.898,40,,23.898000000000003,2.59655
1477,2022-04-07,30.715,20.715,40,,25.715,2.6635
1478,2022-04-08,36.23,16.23,40,,26.229999999999997,2.70285
1479,2022-04-11,35.772,15.772,40,,25.772,2.77335
1480,2022-04-12,36.221,16.221,40,,26.220999999999997,2.72605
1481,2022-04-13,36.072,16.072,40,,26.072000000000003,2.70155
1482,2022-04-18,35.803,15.803,40,,25.802999999999997,2.85465
1483,2022-04-19,35.812,15.812,40,,25.811999999999998,2.93805
1484,2022-04-21,35.344,15.344,40,,25.344,2.90565
1485,2022-04-22,35.199,15.199,40,,25.198999999999998,2.9035
1486,2022-04-25,36.79,16.79,40,,26.79,2.81595
1487,2022-04-26,35.737,15.737,40,,25.737000000000002,2.72715
1488,2022-04-27,33.901,18.901,40,,26.401000000000003,2.82505
1489,2022-04-28,32.86,17.86,40,,25.36,2.8311
1490,2022-04-29,35.468,15.468,40,,25.468000000000004,2.9365
1491,2022-05-02,32.491,17.491,40,,24.991,2.9758
1492,2022-05-03,34.722,14.722,40,,24.722,2.97805
1493,2022-05-04,34.642,14.642,40,,24.642000000000003,2.9451
1494,2022-05-05,30.162,19.662,40,,24.912,3.0336
1495,2022-05-06,30.043,20.043,40,,25.043,3.1404
1496,2022-05-09,35.857,15.857,40,,25.857,3.0328
1497,2022-05-10,32.646,17.646,40,,25.146,2.9879
1498,2022-05-11,34.769,14.769,40,,24.769,2.9236
1499,2022-05-12,34.504,14.504,40,,24.503999999999998,2.8542
1500,2022-05-13,34.387,14.387,40,,24.387,2.9258
1501,2022-05-16,34.233,14.233,40,,24.232999999999997,2.8849
1502,2022-05-17,34.151,14.151,40,,24.151000000000003,2.99335
1503,2022-05-18,32.055,17.055,40,,24.555,2.8831
1504,2022-05-19,32.263,17.263,40,,24.762999999999998,2.8361
1505,2022-05-20,32.717,17.717,40,,25.217,2.7874
1506,2022-05-23,35.276,15.276,40,,25.276000000000003,2.85955
1507,2022-05-24,35.383,15.383,40,,25.383000000000003,2.7533
1508,2022-05-25,30.449,20.449,40,,25.449,2.7497
1509,2022-05-26,32.73,17.73,40,,25.229999999999997,2.7407
1510,2022-05-27,29.606,19.606,40,,24.606,2.7423
1511,2022-05-31,34.253,14.253,40,,24.253,2.8486
1512,2022-06-01,34.282,14.282,40,,24.281999999999996,2.9104
1513,2022-06-02,32.188,17.188,40,,24.688000000000002,2.9122
1514,2022-06-03,32.24,17.24,40,,24.740000000000002,2.9396
1515,2022-06-06,34.878,14.878,40,,24.878,3.03805
1516,2022-06-07,32.434,17.434,40,,24.933999999999997,2.97815
1517,2022-06-08,34.972,14.972,40,,24.972,3.0261
1518,2022-06-09,34.986,14.986,40,,24.985999999999997,3.0446
1519,2022-06-10,38.004,18.004,40,,28.003999999999998,3.16395
1520,2022-06-13,38.75,18.75,40,,28.75,3.36075
1521,2022-06-14,39.021,19.021,40,,29.021,3.47715
1522,2022-06-15,34.55,19.55,40,,27.049999999999997,3.2896
1523,2022-06-16,34.548,19.548,40,,27.048000000000002,3.19425
1524,2022-06-17,36.504,16.504,40,,26.503999999999998,3.2294
1525,2022-06-21,33.619,18.619,40,,26.119,3.27775
1526,2022-06-22,33.562,18.562,40,,26.061999999999998,3.15895
1527,2022-06-23,33.489,18.489,40,,25.988999999999997,3.0879
1528,2022-06-24,35.936,15.936,40,,25.936,3.13665
1529,2022-06-27,35.919,15.919,40,,25.918999999999997,3.20065
1530,2022-06-28,36.218,16.218,40,,26.218000000000004,3.17625
1531,2022-06-29,36.227,16.227,40,,26.226999999999997,3.08635
1532,2022-06-30,36.247,16.247,40,,26.247,3.01565
1533,2022-07-01,36.253,16.253,40,,26.253,2.8885
1534,2022-07-05,36.296,16.296,40,,26.296,2.8172
1535,2022-07-06,33.766,18.766,40,,26.266,2.9326
1536,2022-07-07,33.566,18.566,40,,26.066000000000003,2.99915
1537,2022-07-08,33.517,18.517,40,,26.017000000000003,3.07935
1538,2022-07-11,37.679,17.679,40,,27.679000000000002,2.99095
1539,2022-07-12,37.565,17.565,40,,27.564999999999998,2.96875
1540,2022-07-13,37.945,17.945,40,,27.945,2.93455
1541,2022-07-14,38.137,18.137,40,,28.137,2.9567
1542,2022-07-15,38.2,18.2,40,,28.200000000000003,2.9272
1543,2022-07-18,38.261,18.261,40,,28.261000000000003,2.9883
1544,2022-07-19,35.773,20.773,40,,28.273000000000003,3.02745
1545,2022-07-20,38.283,18.283,40,,28.283,3.02935
1546,2022-07-21,38.531,18.531,40,,28.531,2.88025
1547,2022-07-22,38.668,18.668,40,,28.668,2.7522
1548,2022-07-25,38.449,18.449,40,,28.448999999999998,2.80595
1549,2022-07-26,38.447,18.447,40,,28.447000000000003,2.8023
1550,2022-07-27,38.386,18.386,40,,28.386000000000003,2.784
1551,2022-07-28,38.358,18.358,40,,28.357999999999997,2.6696
1552,2022-07-29,38.348,18.348,40,,28.348,2.6568
1553,2022-08-02,38.219,18.219,40,,28.219,2.7474
1554,2022-08-03,36.0,21.0,40,,28.5,2.7055
1555,2022-08-04,35.445,20.445,40,,27.945,2.6928
1556,2022-08-05,35.427,20.427,40,,27.927,2.8259
1557,2022-08-08,32.925,22.925,40,,27.924999999999997,2.749
1558,2022-08-09,35.965,20.965,40,,28.465000000000003,2.7773
1559,2022-08-10,38.402,18.402,40,,28.402,2.78365
1560,2022-08-11,38.396,18.396,40,,28.396,2.8885
1561,2022-08-12,38.097,18.097,40,,28.097,2.8403
1562,2022-08-15,37.997,17.997,40,,27.997,2.7923
1563,2022-08-16,37.917,17.917,40,,27.917,2.8068
1564,2022-08-17,37.868,17.868,40,,27.868000000000002,2.9013
1565,2022-08-18,35.164,20.164,40,,27.664,2.88405
1566,2022-08-22,37.604,17.604,40,,27.604,3.0229
1567,2022-08-23,37.569,17.569,40,,27.569000000000003,3.0563
1568,2022-08-24,37.672,17.672,40,,27.671999999999997,3.10855
1569,2022-08-25,37.733,17.733,40,,27.732999999999997,3.03045
1570,2022-08-26,37.777,17.777,40,,27.777,3.02785
1571,2022-08-29,37.811,17.811,40,,27.811,3.1117
1572,2022-08-30,38.547,18.547,40,,28.546999999999997,3.11085
1573,2022-08-31,38.594,18.594,40,,28.594,3.19545
1574,2022-09-01,38.993,18.993,40,,28.993000000000002,3.25805
1575,2022-09-02,38.747,18.747,40,,28.747,3.19405
1576,2022-09-06,38.556,18.556,40,,28.555999999999997,3.3502
1577,2022-09-07,38.469,18.469,40,,28.469,3.2663
1578,2022-09-08,38.392,18.392,40,,28.392000000000003,3.32175
1579,2022-09-09,38.347,18.347,40,,28.347,3.31445
1580,2022-09-12,38.081,18.081,40,,28.081000000000003,3.35675
1581,2022-09-13,38.607,18.607,40,,28.607,3.41085
1582,2022-09-14,39.151,19.151,40,,29.151000000000003,3.40235
1583,2022-09-15,38.582,18.582,40,,28.582,3.447
1584,2022-09-19,38.399,18.4,40,,28.3995,3.4924
1585,2022-09-20,39.231,19.231,40,,29.231,3.56695
1586,2022-09-21,38.902,18.902,40,,28.902,3.5328
1587,2022-09-22,38.779,18.779,40,,28.779000000000003,3.70785
1588,2022-09-23,39.285,19.285,40,,29.284999999999997,3.6856
1589,2022-09-26,39.605,19.605,40,,29.604999999999997,3.9275
1590,2022-09-27,39.786,19.786,40,,29.786,3.94815
1591,2022-09-28,39.793,19.793,40,,29.793,3.7352
1592,2022-09-29,39.954,19.954,40,,29.954,3.7795
1593,2022-09-30,39.926,19.926,40,,29.926000000000002,3.8276
1594,2022-10-03,38.857,18.857,40,,28.857,3.6416
1595,2022-10-04,37.783,17.783,40,,27.783,3.6329
1596,2022-10-05,38.029,18.029,40,,28.029000000000003,3.7538
1597,2022-10-06,37.501,17.501,40,,27.500999999999998,3.8256
1598,2022-10-07,37.903,17.903,40,,27.903,3.8865
1599,2022-10-11,37.994,17.994,40,,27.994,3.94295
1600,2022-10-12,36.026,18.526,40,,27.276000000000003,3.90025
1601,2022-10-14,34.899,19.899,40,,27.399,4.02145
1602,2022-10-17,37.837,17.837,40,,27.837000000000003,4.01145
1603,2022-10-18,37.336,17.336,40,,27.336,4.00555
1604,2022-10-19,37.372,17.372,40,,27.372,4.13665
1605,2022-10-20,37.593,17.593,40,,27.593000000000004,4.2304
1606,2022-10-21,37.687,17.687,40,,27.686999999999998,4.21775
1607,2022-10-24,37.942,17.942,40,,27.942,4.24555
1608,2022-10-25,37.981,17.981,40,,27.981,4.0979
1609,2022-10-26,38.148,18.148,40,,28.148000000000003,4.00585
1610,2022-10-27,35.716,20.716,40,,28.216,3.9259
1611,2022-10-28,35.764,20.764,40,,28.264000000000003,4.00915
1612,2022-10-31,38.287,18.287,40,,28.287,4.04885
1613,2022-11-01,38.287,18.287,40,,28.287,4.04705
1614,2022-11-02,38.293,18.293,40,,28.293,4.09425
1615,2022-11-03,38.295,18.295,40,,28.295,4.14795
1616,2022-11-04,38.294,18.294,40,,28.293999999999997,4.1605
1617,2022-11-07,36.733,21.733,40,,29.232999999999997,4.21665
1618,2022-11-08,38.73,18.73,40,,28.729999999999997,4.12655
1619,2022-11-09,35.834,20.834,40,,28.334000000000003,4.09755
1620,2022-11-10,38.64,18.64,40,,28.64,3.8097
1621,2022-11-14,37.916,17.916,40,,27.915999999999997,3.86205
1622,2022-11-21,31.643,21.643,40,,26.643,3.83905
1623,2022-11-22,31.647,21.647,40,,26.647,3.75685
1624,2022-11-23,31.664,21.664,40,,26.664,3.6881
1625,2022-11-28,31.632,21.632,40,,26.632,3.6784
1626,2022-11-29,37.316,17.316,40,,27.316000000000003,3.74875
1627,2022-11-30,37.609,17.609,40,,27.609,3.61
1628,2022-12-02,35.575,20.575,40,,28.075000000000003,3.4898
1629,2022-12-05,38.187,18.187,40,,28.186999999999998,3.58185
1630,2022-12-06,38.282,18.282,40,,28.281999999999996,3.5305
1631,2022-12-07,35.944,20.944,40,,28.444000000000003,3.4196
1632,2022-12-08,38.543,18.543,40,,28.543,3.4883
1633,2022-12-09,38.58,18.58,40,,28.58,3.5847
1634,2022-12-12,38.524,18.524,40,,28.524,3.61495
1635,2022-12-13,38.492,18.492,40,,28.491999999999997,3.5003
1636,2022-12-14,38.485,18.485,40,,28.485,3.47735
1637,2022-12-15,36.171,21.171,40,,28.671,3.44905
1638,2022-12-16,38.822,18.822,40,,28.822000000000003,3.48585
1639,2022-12-19,36.172,21.172,40,,28.671999999999997,3.58825
1640,2022-12-20,36.112,21.112,40,,28.612000000000002,3.69085
1641,2022-12-21,38.61,18.61,40,,28.61,3.67215
1642,2022-12-27,39.052,19.052,40,,29.052,3.8468
1643,2022-12-28,33.945,23.945,40,,28.945,3.88555
1644,2022-12-29,36.318,21.318,40,,28.817999999999998,3.81925
1645,2022-12-30,38.744,18.744,40,,28.744,3.87765
1646,2023-01-03,35.991,20.991,40,,28.491,3.7511
1647,2023-01-04,35.883,20.883,40,,28.383000000000003,3.68925
1648,2023-01-05,35.842,20.842,40,,28.342,3.72095
1649,2023-01-06,38.313,18.313,40,,28.313000000000002,3.55805
1650,2023-01-09,38.308,18.308,40,,28.308,3.52565
1651,2023-01-10,35.799,20.799,40,,28.299,3.6142
1652,2023-01-11,38.289,18.289,40,,28.289,3.54195
1653,2023-01-12,35.259,20.259,40,,27.759,3.44275
1654,2023-01-13,37.445,17.445,40,,27.445,3.49615
1655,2023-01-17,42.047,12.047,40,,27.046999999999997,3.5485
1656,2023-01-18,36.936,16.936,40,,26.936,3.3725
1657,2023-01-19,34.368,19.368,40,,26.868000000000002,3.3978
1658,2023-01-20,36.801,16.801,40,,26.801000000000002,3.48055
1659,2023-01-23,36.743,16.743,40,,26.743000000000002,3.52
1660,2023-01-24,41.721,11.721,40,,26.720999999999997,3.45365
1661,2023-01-25,36.667,16.667,40,,26.667,3.4498
1662,2023-01-26,34.135,19.135,40,,26.634999999999998,3.5048
1663,2023-01-27,31.604,21.604,40,,26.604,3.5062
1664,2023-01-30,31.579,21.579,40,,26.579,3.5412
1665,2023-01-31,31.579,21.579,40,,26.579,3.5087
1666,2023-02-01,31.587,21.587,40,,26.587,3.4157
1667,2023-02-02,31.589,21.589,40,,26.589,3.4
1668,2023-02-06,31.547,21.547,40,,26.547,3.64175
1669,2023-02-07,31.555,21.555,40,,26.555,3.67825
1670,2023-02-08,31.574,21.574,40,,26.574,3.61445
1671,2023-02-09,31.576,21.576,40,,26.576,3.66265
1672,2023-02-10,31.57,21.57,40,,26.57,3.74255
1673,2023-02-13,31.558,21.558,40,,26.558,3.70255
1674,2023-02-14,31.576,21.576,40,,26.576,3.75205
1675,2023-03-10,31.577,21.577,40,,26.577,3.70255
1676,2023-03-16,33.321,23.321,40,,28.320999999999998,3.57705
1677,2023-03-20,32.666,22.666,40,,27.665999999999997,3.48
1678,2023-03-23,32.851,22.851,40,,27.851,3.41165
1679,2023-04-28,30.266,20.266,40,,25.266,3.43235
1680,2023-05-01,30.836,20.836,40,,25.836,3.56905
1681,2023-05-03,31.056,21.056,40,,26.056,3.36275
1682,2023-05-04,31.259,21.259,40,,26.259,3.37585
1683,2023-05-05,31.419,21.419,40,,26.419,3.43415
1684,2023-05-08,31.508,21.508,40,,26.508,3.50625
1685,2023-05-09,36.571,16.571,40,,26.570999999999998,3.5205
1686,2023-05-10,31.609,21.609,40,,26.609,3.43785
1687,2023-05-12,31.65,21.65,40,,26.65,3.46155
1688,2023-05-16,31.645,21.645,40,,26.645,3.54045
1689,2023-05-17,31.316,21.316,40,,26.316,3.5707
1690,2023-05-18,31.066,21.066,40,,26.066,3.6495
1691,2023-05-19,30.909,20.909,40,,25.909,3.68125
1692,2023-05-22,31.456,21.456,40,,26.456,3.7177
1693,2023-05-25,31.094,21.094,40,,26.094,3.8222
1694,2023-05-26,31.082,21.082,40,,26.082,3.809
1695,2023-05-30,30.837,20.837,40,,25.837,3.69325
1696,2023-06-01,30.651,20.651,40,,25.651,3.59975
1697,2023-06-07,30.602,20.602,40,,25.602,3.79135
1698,2023-06-08,30.601,20.601,40,,25.601,3.71695
1699,2023-06-12,36.471,16.471,40,,26.470999999999997,3.74235
1700,2023-06-13,36.858,16.858,40,,26.857999999999997,3.82495
1701,2023-06-14,36.978,16.978,40,,26.978,3.78905
1702,2023-06-15,37.532,17.532,40,,27.531999999999996,3.71845
1703,2023-06-16,37.836,17.836,40,,27.836,3.76525
1704,2023-06-20,38.153,18.153,40,,28.153,3.71785
1705,2023-06-21,38.33,18.33,40,,28.33,3.72465
1706,2023-06-22,35.874,20.874,40,,28.374000000000002,3.7956
1707,2023-06-23,38.791,18.791,40,,28.790999999999997,3.73565
1708,2023-06-26,36.698,21.698,40,,29.198,3.72215
1709,2023-06-27,38.94,18.94,40,,28.939999999999998,3.77075
1710,2023-06-28,36.407,21.407,40,,28.906999999999996,3.71265
1711,2023-06-29,36.443,21.443,40,,28.942999999999998,3.84025
1712,2023-06-30,33.595,23.595,40,,28.595,3.8396
1713,2023-07-05,38.931,18.931,40,,28.930999999999997,3.9325
1714,2023-07-06,38.929,18.929,40,,28.929000000000002,4.0301
1715,2023-07-07,34.926,19.926,40,,27.426000000000002,4.0636
1716,2023-07-10,32.146,17.146,40,,24.646,3.9988
1717,2023-07-11,30.737,15.737,40,,23.237,3.977
1718,2023-07-12,29.952,14.952,40,,22.452,3.8603
1719,2023-07-13,29.516,14.516,40,,22.016,3.76535
1720,2023-07-14,29.26,14.26,40,,21.76,3.82925
1721,2023-07-17,29.066,14.066,40,,21.566,3.80775
1722,2023-07-18,28.375,13.375,40,,20.875,3.78825
1723,2023-07-19,29.329,14.329,40,,21.829,3.7473
1724,2023-07-20,27.469,12.469,40,,19.969,3.85525
1725,2023-07-24,28.111,13.111,40,,20.611,3.8774
1726,2023-07-25,27.84,12.84,40,,20.34,3.8894
1727,2023-07-26,28.425,13.425,40,,20.925,3.8717
1728,2023-07-27,27.35,12.35,40,,19.85,4.0012
1729,2023-07-28,25.366,12.866,40,,19.116,3.9556
1730,2023-07-31,26.377,11.377,40,,18.877,3.9658
1731,2023-08-01,25.006,10.006,40,,17.506,4.03605
1732,2023-08-02,24.204,9.204,40,,16.704,4.0876
1733,2023-08-03,23.346,8.346,40,,15.846,4.17715
1734,2023-08-04,21.431,8.931,40,,15.181000000000001,4.0408
1735,2023-08-07,22.6,7.6,40,,15.100000000000001,4.09555
1736,2023-08-08,22.527,7.527,40,,15.027000000000001,4.02705
1737,2023-08-09,22.489,7.489,40,,14.989,4.0151
1738,2023-08-10,21.218,8.718,40,,14.968,4.10645
1739,2023-08-11,22.457,7.457,40,,14.957,4.1571
1740,2023-08-14,22.443,7.443,40,,14.943000000000001,4.20015
1741,2023-08-15,22.407,7.407,40,,14.907,4.21785
1742,2023-08-16,22.41,7.41,40,,14.91,4.2573
1743,2023-08-17,22.432,7.432,40,,14.931999999999999,4.283
1744,2023-08-18,22.335,7.335,40,,14.835,4.2497
1745,2023-08-21,22.329,7.329,40,,14.829,4.3409
1746,2023-08-22,21.083,8.583,40,,14.832999999999998,4.331
1747,2023-08-23,19.813,9.813,40,,14.812999999999999,4.1948
1748,2023-08-28,19.819,9.819,40,,14.818999999999999,4.2049
1749,2023-08-30,20.572,8.072,40,,14.322,4.111
1750,2023-08-31,20.572,8.072,40,,14.322,4.1052
1751,2023-09-01,20.456,7.956,40,,14.206,4.1798
1752,2023-09-05,21.829,6.829,40,,14.329,4.2647
1753,2023-09-06,21.826,6.826,40,,14.326,4.2936
1754,2023-09-07,21.583,6.583,40,,14.082999999999998,4.249
1755,2023-09-08,20.328,7.828,40,,14.078,4.2591
1756,2023-09-11,21.359,6.359,40,,13.859000000000002,4.293
1757,2023-09-12,21.751,6.751,40,,14.251000000000001,4.27915
1758,2023-09-13,21.546,6.546,40,,14.046,4.2534
1759,2023-09-14,21.818,6.818,40,,14.318000000000001,4.2853
1760,2023-09-15,20.571,8.071,40,,14.321000000000002,4.3354
1761,2023-09-18,20.574,8.074,40,,14.324000000000002,4.3016
1762,2023-09-19,20.569,8.069,40,,14.318999999999999,4.3637
1763,2023-09-20,21.449,8.949,40,,15.199000000000002,4.3979
1764,2023-09-21,20.894,8.394,40,,14.643999999999998,4.4931
1765,2023-09-22,20.712,8.212,40,,14.462,4.4357
1766,2023-09-25,20.656,8.156,40,,14.405999999999999,4.53035
1767,2023-09-26,20.642,8.142,40,,14.392,4.54885
1768,2023-09-27,20.639,8.139,40,,14.389,4.60645
1769,2023-09-28,21.168,8.668,40,,14.918,4.57785
1770,2023-09-29,20.23,7.73,40,,13.98,4.5783
1771,2023-10-02,20.173,7.673,40,,13.922999999999998,4.6837
1772,2023-10-03,20.154,7.654,40,,13.904,4.79445
1773,2023-10-04,20.149,7.649,40,,13.899000000000001,4.73395
1774,2023-10-05,20.153,7.653,40,,13.902999999999999,4.71955
1775,2023-10-06,20.152,7.652,40,,13.902000000000001,4.7925
1776,2023-10-10,20.436,7.936,40,,14.186,4.65605
1777,2023-10-11,20.133,7.633,40,,13.883,4.5572
1778,2023-10-12,19.994,7.494,40,,13.744,4.69585
1779,2023-10-13,19.934,7.434,40,,13.684000000000001,4.6155
1780,2023-10-16,19.747,7.247,40,,13.497,4.69865
1781,2023-10-17,19.8,7.3,40,,13.55,4.83515
1782,2023-10-18,19.819,7.319,40,,13.568999999999999,4.90955
1783,2023-10-19,19.794,7.294,40,,13.544,4.98875
1784,2023-10-20,19.724,7.224,40,,13.474,4.9126
1785,2023-10-23,19.772,7.272,40,,13.521999999999998,4.84705
1786,2023-10-24,19.75,7.25,40,,13.5,4.8166
1787,2023-10-25,20.083,7.583,40,,13.832999999999998,4.96025
1788,2023-10-26,20.467,7.967,40,,14.216999999999999,4.84765
1789,2023-10-27,20.603,8.103,40,,14.353000000000002,4.84415
1790,2023-10-30,20.53,8.03,40,,14.280000000000001,4.88675
1791,2023-10-31,20.067,7.567,40,,13.817,4.92535
1792,2023-11-01,20.022,7.522,40,,13.771999999999998,4.73305
1793,2023-11-02,20.007,7.507,40,,13.757000000000001,4.66005
1794,2023-11-03,20.064,7.564,40,,13.814,4.57545
1795,2023-11-06,20.127,7.627,40,,13.876999999999999,4.6462
1796,2023-11-07,20.143,7.643,40,,13.893,4.56755
1797,2023-11-08,20.049,7.549,40,,13.799,4.49145
1798,2023-11-10,20.455,7.955,40,,14.204999999999998,4.6449
1799,2023-11-13,20.159,7.659,40,,13.908999999999999,4.6369
1800,2023-11-14,20.164,7.664,40,,13.914000000000001,4.45215
1801,2023-11-15,20.161,7.661,40,,13.911000000000001,4.5363
1802,2023-11-16,20.047,7.547,40,,13.797,4.4404
1803,2023-11-17,20.019,7.519,40,,13.768999999999998,4.43835
1804,2023-11-20,20.064,7.564,40,,13.814,4.4247
1805,2023-11-22,20.008,7.508,40,,13.758,4.4071
1806,2023-11-27,20.369,7.869,40,,14.119,4.38945
1807,2023-11-28,20.516,8.016,40,,14.265999999999998,4.3226
1808,2023-12-01,22.293,6.293,40,,14.293,4.20795
1809,2023-12-04,22.333,6.333,40,,14.332999999999998,4.25775
1810,2023-12-08,20.6,8.1,40,,14.350000000000001,4.22855
1811,2023-12-11,20.192,7.692,40,,13.942,4.23615
1812,2023-12-12,21.329,7.996,40,,14.662500000000001,4.2092
1813,2023-12-13,21.776,6.776,40,,14.276,4.023
1814,2023-12-14,21.699,6.699,40,,14.199000000000002,3.91985
1815,2023-12-15,21.662,6.662,40,,14.161999999999999,3.91385
1816,2023-12-18,21.146,6.146,40,,13.646,3.9342
1817,2023-12-19,20.983,5.983,40,,13.483,3.93035
1818,2023-12-20,21.433,6.433,40,,13.933,3.852
1819,2023-12-21,21.577,6.577,40,,14.077000000000002,3.8909
1820,2023-12-26,21.626,6.626,40,,14.126000000000001,3.89575
1821,2023-12-27,21.803,6.803,40,,14.303,3.78795
1822,2024-01-04,20.633,8.133,40,,14.383,4.00155
1823,2024-01-05,20.632,8.132,40,,14.382000000000001,4.05045
1824,2024-01-08,20.63,8.13,40,,14.379999999999999,4.02575
1825,2024-01-09,20.634,8.134,40,,14.384,4.01425
1826,2024-01-10,20.635,8.135,40,,14.385000000000002,4.02925
1827,2024-01-11,20.632,8.132,40,,14.382000000000001,3.97435
1828,2024-01-12,20.635,8.135,40,,14.385000000000002,3.93805
1829,2024-01-16,20.111,7.611,40,,13.861,4.05335
1830,2024-01-17,19.543,7.043,40,,13.293,4.10475
1831,2024-01-18,18.597,8.597,40,,13.597000000000001,4.14105
1832,2024-01-19,18.042,8.042,40,,13.042000000000002,4.12925
1833,2024-01-22,18.717,8.717,40,,13.716999999999999,4.1062
1834,2024-01-23,18.177,8.177,40,,13.177,4.13105
1835,2024-01-24,17.904,7.904,40,,12.904,4.17905
1836,2024-01-25,17.771,7.771,40,,12.771,4.11935
1837,2024-01-26,17.972,7.972,40,,12.972000000000001,4.1383
1838,2024-01-30,18.283,8.283,40,,13.283000000000001,4.03475
1839,2024-01-31,18.204,8.204,40,,13.204,3.91705
1840,2024-02-01,18.184,8.184,40,,13.184000000000001,3.88115
1841,2024-02-02,18.175,8.175,40,,13.175,4.02275
1842,2024-02-05,18.153,8.153,40,,13.152999999999999,4.16075
1843,2024-02-06,19.346,6.846,40,,13.096,4.08945
1844,2024-02-07,19.339,6.839,40,,13.088999999999999,4.11435
1845,2024-02-08,19.333,6.833,40,,13.082999999999998,4.15695
1846,2024-02-09,19.387,6.887,40,,13.137,4.17635
1847,2024-02-12,19.316,6.816,40,,13.065999999999999,4.1783
1848,2024-02-13,19.326,6.826,40,,13.076,4.32415
1849,2024-02-14,19.318,6.818,40,,13.068000000000001,4.2603
1850,2024-02-15,17.805,7.805,40,,12.805,4.2329
1851,2024-02-16,18.554,6.887,40,,12.7205,4.28015
1852,2024-02-20,18.951,6.451,40,,12.701,4.2743
1853,2024-02-21,18.52,6.853,40,,12.686499999999999,4.3177
1854,2024-02-22,18.538,6.872,40,,12.705,4.3286
1855,2024-02-23,17.686,7.686,40,,12.686,4.24705
1856,2024-02-26,17.703,7.703,40,,12.703,4.2805
1857,2024-02-27,17.712,7.712,40,,12.712,4.3022
1858,2024-02-28,17.71,7.71,40,,12.71,4.26485
1859,2024-03-11,17.652,7.652,40,,12.652000000000001,4.0972
1860,2024-03-12,17.642,7.642,40,,12.642,4.14975
1861,2024-03-13,17.662,7.662,40,,12.661999999999999,4.1869
1862,2024-03-14,17.575,7.575,40,,12.575,4.29125
1863,2024-03-15,17.491,7.491,40,,12.491,4.3073
1864,2024-03-18,17.59,7.59,40,,12.59,4.3272
1865,2024-03-19,17.64,7.64,40,,12.64,4.2915
1866,2024-03-20,19.019,9.019,40,,14.018999999999998,4.27575
1867,2024-03-21,18.158,8.158,40,,13.158000000000001,4.2679
1868,2024-03-22,18.165,8.165,40,,13.165,4.20105
1869,2024-03-25,18.217,8.217,40,,13.216999999999999,4.24835
1870,2024-03-26,18.076,8.076,40,,13.076,4.23655
1871,2024-03-27,18.138,8.138,40,,13.138000000000002,4.1874
1872,2024-03-28,18.103,8.103,40,,13.103000000000002,4.20525
1873,2024-04-03,17.729,7.729,40,,12.729,4.3502
1874,2024-04-04,17.745,7.745,40,,12.745000000000001,4.3064
1875,2024-04-05,17.741,7.741,40,,12.741,4.3986
1876,2024-04-08,17.729,7.729,40,,12.729,4.4208
1877,2024-04-09,17.695,7.695,40,,12.695,4.3606
1878,2024-04-10,17.692,7.692,40,,12.692,4.54455
1879,2024-04-11,19.422,6.922,40,,13.172,4.58345
1880,2024-04-12,20.061,7.561,40,,13.811,4.5165
1881,2024-04-15,20.004,7.504,40,,13.754000000000001,4.6086
1882,2024-04-16,18.685,8.685,40,,13.684999999999999,4.66845
1883,2024-04-17,18.66,8.66,40,,13.66,4.58835
1884,2024-04-18,18.96,8.96,40,,13.96,4.63575
1885,2024-04-19,18.751,8.751,40,,13.751000000000001,4.62175
1886,2024-04-22,18.016,8.016,40,,13.015999999999998,4.6095
1887,2024-04-23,17.785,7.785,40,,12.785,4.60555
1888,2024-04-24,20.219,5.219,40,,12.719000000000001,4.6469
1889,2024-04-25,20.229,5.229,40,,12.729,4.70295
1890,2024-04-26,20.231,5.231,40,,12.731000000000002,4.66195
1891,2024-04-29,20.065,5.065,40,,12.565000000000001,4.61045
1892,2024-04-30,19.984,4.984,40,,12.484000000000002,4.68085
1893,2024-05-02,17.659,7.659,40,,12.658999999999999,4.58825
1894,2024-05-03,17.692,7.692,40,,12.692,4.49645
1895,2024-05-06,17.692,7.692,40,,12.692,4.4864
1896,2024-05-07,20.222,5.222,40,,12.722000000000001,4.46
1897,2024-05-08,20.062,5.062,40,,12.562000000000001,4.49885
1898,2024-05-09,19.98,4.98,40,,12.48,4.458
1899,2024-05-10,17.578,7.578,40,,12.578,4.4993
1900,2024-05-13,17.635,7.635,40,,12.635000000000002,4.48945
1901,2024-05-14,17.716,7.716,40,,12.716000000000001,4.4443
1902,2024-05-15,17.576,7.576,40,,12.576,4.34295
1903,2024-05-16,17.494,7.494,40,,12.494,4.37595
1904,2024-05-17,17.444,7.444,40,,12.443999999999999,4.4208
1905,2024-05-20,17.415,7.415,40,,12.415,4.44625
1906,2024-05-21,17.55,7.55,40,,12.55,4.411
1907,2024-05-22,17.681,7.681,40,,12.681000000000001,4.4247
1908,2024-05-23,20.053,5.053,40,,12.553,4.4777
1909,2024-05-24,17.608,7.608,40,,12.608,4.4659
1910,2024-05-28,17.736,7.736,40,,12.736,4.547
1911,2024-05-29,20.262,5.262,40,,12.762,4.6147
1912,2024-05-30,20.249,5.249,40,,12.748999999999999,4.549
1913,2024-05-31,17.975,7.975,40,,12.975000000000001,4.5015
1914,2024-06-03,17.728,7.728,40,,12.728000000000002,4.39135
1915,2024-06-04,17.582,7.582,40,,12.582,4.32885
1916,2024-06-05,17.714,7.714,40,,12.713999999999999,4.2764
1917,2024-06-11,17.911,7.911,40,,12.911000000000001,4.4011
1918,2024-06-12,17.971,7.971,40,,12.971,4.317
1919,2024-06-13,17.99,7.99,40,,12.989999999999998,4.2471
1920,2024-06-14,17.869,7.869,40,,12.869,4.2199
1921,2024-06-17,17.936,7.936,40,,12.936,4.2838
1922,2024-06-18,17.975,7.975,40,,12.975000000000001,4.21785
1923,2024-06-21,18.102,8.102,40,,13.102,4.2564
1924,2024-06-24,18.003,8.003,40,,13.003,4.2331
1925,2024-06-28,17.621,7.621,40,,12.620999999999999,4.39115
1926,2024-07-01,17.503,7.503,40,,12.503,4.4702
1927,2024-07-02,17.645,7.645,40,,12.645,4.43555
1928,2024-07-03,17.694,7.694,40,,12.693999999999999,4.35375
1929,2024-07-11,17.53,7.53,40,,12.530000000000001,4.2111
1930,2024-07-12,17.468,7.468,40,,12.468,4.18575
1931,2024-07-15,17.429,7.429,40,,12.428999999999998,4.23035
1932,2024-07-16,17.407,7.407,40,,12.407,4.1576
1933,2024-07-17,17.396,7.396,40,,12.396,4.1585
1934,2024-07-18,17.488,7.488,40,,12.488,4.2011
1935,2024-07-19,17.664,7.664,40,,12.664000000000001,4.24185
1936,2024-07-22,17.687,7.687,40,,12.687000000000001,4.2535
1937,2024-07-23,17.697,7.697,40,,12.697,4.2535
1938,2024-07-29,17.52,7.52,40,,12.52,4.17145
1939,2024-07-30,17.685,7.685,40,,12.684999999999999,4.1404
1940,2024-07-31,17.695,7.695,40,,12.695,4.03245
1941,2024-08-26,17.521,7.521,40,,12.521,3.81885
1942,2024-08-27,17.685,7.685,40,,12.684999999999999,3.82825
1943,2024-08-28,17.693,7.693,40,,12.693000000000001,3.83775
1944,2024-08-29,17.694,7.694,40,,12.693999999999999,3.86245
1945,2024-09-04,17.585,7.585,40,,12.585,3.75615
1946,2024-09-05,17.505,7.505,40,,12.504999999999999,3.7241
1947,2024-09-06,17.453,7.453,40,,12.453,3.7136
1948,2024-09-09,17.423,7.423,40,,12.422999999999998,3.70135
1949,2024-09-10,17.671,7.671,40,,12.671,3.6395
1950,2024-09-13,17.52,7.52,40,,12.52,3.65605
1951,2024-09-16,17.683,7.683,40,,12.683,3.61575
1952,2024-09-17,17.695,7.695,40,,12.695,3.64655
1953,2024-09-18,17.697,7.697,40,,12.697,3.71225
1954,2024-10-10,17.285,7.285,40,,12.285,4.06575
1955,2024-10-11,17.283,7.283,40,,12.283000000000001,4.09535
1956,2024-10-15,17.528,7.528,40,,12.527999999999999,4.03265
1957,2024-10-16,17.496,7.496,40,,12.495999999999999,4.01705
1958,2024-11-22,17.983,7.983,40,,12.983,4.411
1959,2024-11-25,17.854,7.854,40,,12.854,4.2741
1960,2024-11-26,17.922,7.922,40,,12.922,4.29355
1961,2024-11-27,17.855,7.855,40,,12.855,4.2595
1962,2024-12-18,17.349,8.349,40,,12.849,4.518
1963,2024-12-19,17.347,8.347,40,,12.847000000000001,4.56515
1964,2024-12-20,17.349,8.349,40,,12.849,4.5292
1965,2024-12-26,17.148,8.148,40,,12.648,4.5837
1966,2024-12-27,17.284,8.284,40,,12.783999999999999,4.62935
1967,2024-12-30,17.326,8.326,40,,12.826,4.53165
1968,2024-12-31,17.51,8.177,40,,12.8435,4.572
